Tanggal,Price,Trend_Indicator,price_value_price,price_value_yield
2021-03-04,48368.0,1.0,128.75,3.29
2021-03-05,48811.0,1.0,128.75,3.29
2021-03-06,48895.0,1.0,,
2021-03-07,51031.2,1.0,,
2021-03-08,52395.0,1.0,128.75,3.29
2021-03-09,54949.4,1.0,128.75,3.29
2021-03-10,55955.2,1.0,128.75,3.29
2021-03-11,57869.0,1.0,,
2021-03-12,57315.0,1.0,,
2021-03-13,61207.0,1.0,,
2021-03-14,59005.0,1.0,,
2021-03-15,55644.0,1.0,116.5,3.93
2021-03-16,56924.0,1.0,116.5,3.93
2021-03-17,58870.0,1.0,116.5,3.93
2021-03-18,57640.0,1.0,116.5,3.93
2021-03-19,58074.0,1.0,116.5,3.93
2021-03-20,58087.0,1.0,,
2021-03-21,57368.0,1.0,,
2021-03-22,54074.0,0.5,116.5,3.93
2021-03-23,54331.0,0.5,116.5,3.93
2021-03-24,52347.2,0.5,116.5,3.93
2021-03-25,51363.0,0.5,116.5,3.93
2021-03-26,54992.9,0.5,116.5,3.93
2021-03-27,55886.0,0.5,,
2021-03-28,55773.0,1.0,,
2021-03-29,57672.3,1.0,116.5,3.93
2021-03-30,58841.0,1.0,116.5,3.93
2021-03-31,58796.0,1.0,116.5,3.93
2021-04-01,58727.4,1.0,116.5,3.93
2021-04-02,58959.0,1.0,,
2021-04-03,57023.0,1.0,,
2021-04-04,58240.0,1.0,,
2021-04-05,59145.0,1.0,116.5,3.93
2021-04-06,57991.0,1.0,116.5,3.93
2021-04-07,55960.0,0.5,116.5,3.93
2021-04-08,58110.0,1.0,116.5,3.93
2021-04-09,58114.0,1.0,116.5,3.93
2021-04-10,59823.8,1.0,,
2021-04-11,60034.8,1.0,,
2021-04-12,59900.0,1.0,116.5,3.93
2021-04-13,63518.0,1.0,116.5,3.93
2021-04-14,62942.7,1.0,116.5,3.93
2021-04-15,63196.0,1.0,116.5,3.93
2021-04-16,61325.0,1.0,116.5,3.93
2021-04-17,59970.0,1.0,,
2021-04-18,56163.0,0.5,,
2021-04-19,55639.0,0.5,116.5,3.93
2021-04-20,56476.0,0.5,116.5,3.93
2021-04-21,53822.0,0.0,116.5,3.93
2021-04-22,51781.3,0.0,116.5,3.93
2021-04-23,51139.0,0.0,116.5,3.93
2021-04-24,50167.0,0.0,,
2021-04-25,49116.3,0.0,,
2021-04-26,54103.0,0.0,116.5,3.93
2021-04-27,55044.0,0.0,116.5,3.93
2021-04-28,54860.0,0.0,116.5,3.93
2021-04-29,53566.0,0.0,116.5,3.93
2021-04-30,57637.0,0.5,116.5,3.93
2021-05-01,57774.0,0.5,,
2021-05-02,56605.0,0.5,,
2021-05-03,57147.0,1.0,116.5,3.93
2021-05-04,53264.0,0.0,116.5,3.93
2021-05-05,57477.0,0.5,116.5,3.93
2021-05-06,56451.0,1.0,116.5,3.93
2021-05-07,57349.0,1.0,116.5,3.93
2021-05-08,58894.0,1.0,,
2021-05-09,58276.0,1.0,,
2021-05-10,55851.0,1.0,116.5,3.93
2021-05-11,56715.0,1.0,116.5,3.93
2021-05-12,49725.0,0.0,,
2021-05-13,49747.0,-0.5,,
2021-05-14,49917.0,-0.5,,
2021-05-15,46784.9,-0.5,,
2021-05-16,46582.9,-0.5,,
2021-05-17,43544.0,-1.0,,
2021-05-18,42935.0,-1.0,,
2021-05-19,36755.0,-1.0,,
2021-05-20,40578.0,-1.0,116.5,3.93
2021-05-21,37415.0,-1.0,116.5,3.93
2021-05-22,37585.0,-1.0,,
2021-05-23,34730.3,-1.0,,
2021-05-24,38772.9,-1.0,116.5,3.93
2021-05-25,38363.0,-1.0,116.5,3.93
2021-05-26,39301.0,-1.0,,
2021-05-27,38435.0,-1.0,116.5,3.93
2021-05-28,35667.0,-1.0,116.5,3.93
2021-05-29,34570.0,-1.0,,
2021-05-30,35615.0,-1.0,,
2021-05-31,37305.0,-1.0,116.5,3.93
2021-06-01,36672.6,-1.0,,
2021-06-02,37590.0,-1.0,116.5,3.93
2021-06-03,39209.0,-1.0,116.5,3.93
2021-06-04,36854.0,-1.0,116.5,3.93
2021-06-05,35543.0,-1.0,,
2021-06-06,35782.0,-1.0,,
2021-06-07,33596.0,-1.0,116.5,3.93
2021-06-08,33415.0,-1.0,116.5,3.93
2021-06-09,37347.0,-1.0,116.5,3.93
2021-06-10,36649.2,-1.0,116.5,3.93
2021-06-11,37338.0,-1.0,116.5,3.93
2021-06-12,35531.0,-1.0,,
2021-06-13,39004.0,-0.5,,
2021-06-14,40500.0,-0.5,116.5,3.93
2021-06-15,40139.0,-0.5,116.5,3.93
2021-06-16,38332.0,-0.5,116.5,3.93
2021-06-17,38061.0,-0.5,116.5,3.93
2021-06-18,35802.0,-1.0,116.5,3.93
2021-06-19,35585.8,-1.0,,
2021-06-20,35631.0,-1.0,,
2021-06-21,31761.0,-1.0,116.5,3.93
2021-06-22,32553.0,-1.0,116.5,3.93
2021-06-23,33703.0,-1.0,116.5,3.93
2021-06-24,34656.6,-1.0,116.5,3.93
2021-06-25,31584.0,-1.0,116.5,3.93
2021-06-26,32359.0,-1.0,,
2021-06-27,34717.0,-1.0,,
2021-06-28,34484.0,-1.0,116.5,3.93
2021-06-29,35895.9,-0.5,116.5,3.93
2021-06-30,35043.5,-0.5,116.5,3.93
2021-07-01,33554.4,-1.0,116.5,3.93
2021-07-02,33816.0,-1.0,116.5,3.93
2021-07-03,34758.0,-1.0,,
2021-07-04,35289.0,-0.5,,
2021-07-05,33668.0,-1.0,116.5,3.93
2021-07-06,34140.0,-1.0,116.5,3.93
2021-07-07,33886.0,-1.0,116.5,3.93
2021-07-08,32873.9,-1.0,116.5,3.93
2021-07-09,33769.0,-1.0,116.5,3.93
2021-07-10,33506.0,-1.0,,
2021-07-11,34239.0,-1.0,,
2021-07-12,33090.0,-1.0,116.5,3.93
2021-07-13,32727.0,-1.0,116.5,3.93
2021-07-14,32822.6,-1.0,116.5,3.93
2021-07-15,31857.0,-1.0,116.5,3.93
2021-07-16,31429.0,-1.0,116.5,3.93
2021-07-17,31559.0,-1.0,,
2021-07-18,31824.0,-1.0,,
2021-07-19,30847.0,-1.0,116.5,3.93
2021-07-20,29806.1,-1.0,,
2021-07-21,32141.0,-1.0,116.5,3.93
2021-07-22,32320.0,-1.0,116.5,3.93
2021-07-23,33597.1,-0.5,116.5,3.93
2021-07-24,33845.0,-0.5,,
2021-07-25,35407.0,-0.5,,
2021-07-26,37296.0,0.0,116.5,3.93
2021-07-27,39563.0,0.0,116.5,3.93
2021-07-28,40004.0,0.0,116.5,3.93
2021-07-29,40041.0,0.0,116.5,3.93
2021-07-30,42169.0,0.0,116.5,3.93
2021-07-31,41409.0,0.5,,
2021-08-01,39922.0,0.5,,
2021-08-02,39156.0,0.5,116.5,3.93
2021-08-03,38207.0,0.5,116.5,3.93
2021-08-04,39754.0,0.5,116.5,3.93
2021-08-05,40887.0,0.5,116.5,3.93
2021-08-06,42830.0,0.5,116.5,3.93
2021-08-07,44589.0,0.5,,
2021-08-08,43770.0,0.5,,
2021-08-09,46293.0,0.5,116.5,3.93
2021-08-10,45612.0,0.5,,
2021-08-11,45546.0,0.5,,
2021-08-12,44423.0,0.5,116.5,3.93
2021-08-13,47842.0,0.5,116.5,3.93
2021-08-14,47084.0,0.5,,
2021-08-15,47031.0,0.5,,
2021-08-16,45940.0,0.5,116.5,3.93
2021-08-17,44698.0,0.5,,
2021-08-18,44744.0,0.5,116.5,3.93
2021-08-19,46765.0,0.5,116.5,3.93
2021-08-20,49332.0,0.5,116.5,3.93
2021-08-21,48868.0,1.0,,
2021-08-22,49264.0,1.0,,
2021-08-23,49539.0,1.0,116.5,3.93
2021-08-24,47714.0,1.0,116.5,3.93
2021-08-25,48989.0,1.0,116.5,3.93
2021-08-26,46832.0,1.0,116.5,3.93
2021-08-27,49076.1,1.0,116.5,3.93
2021-08-28,48914.0,1.0,,
2021-08-29,48800.0,1.0,,
2021-08-30,47008.0,1.0,116.5,3.93
2021-08-31,47157.0,0.5,116.5,3.93
2021-09-01,48844.0,1.0,116.5,3.93
2021-09-02,49291.0,1.0,116.5,3.93
2021-09-03,50000.0,1.0,116.5,3.93
2021-09-04,49899.0,1.0,,
2021-09-05,51762.0,1.0,,
2021-09-06,52676.0,1.0,116.5,3.93
2021-09-07,46778.0,1.0,116.5,3.93
2021-09-08,46088.0,0.5,116.5,3.93
2021-09-09,46389.0,0.5,116.5,3.93
2021-09-10,44852.0,0.5,116.5,3.93
2021-09-11,45169.0,0.0,,
2021-09-12,46069.0,0.0,,
2021-09-13,44960.0,0.0,116.5,3.93
2021-09-14,47078.0,0.0,116.5,3.93
2021-09-15,48136.0,1.0,116.5,3.93
2021-09-16,47786.0,1.0,116.5,3.93
2021-09-17,47292.0,1.0,116.5,3.93
2021-09-18,48309.0,1.0,,
2021-09-19,47239.0,1.0,,
2021-09-20,43002.0,0.0,116.5,3.93
2021-09-21,40664.0,0.0,116.5,3.93
2021-09-22,43582.6,0.0,116.5,3.93
2021-09-23,44882.0,0.0,116.5,3.93
2021-09-24,42878.0,0.0,116.5,3.93
2021-09-25,42711.0,-1.0,,
2021-09-26,43180.0,-1.0,,
2021-09-27,42191.0,-1.0,116.5,3.93
2021-09-28,41064.0,-1.0,116.5,3.93
2021-09-29,41551.0,-1.0,116.5,3.93
2021-09-30,43830.0,-1.0,116.5,3.93
2021-10-01,48157.0,-0.5,116.5,3.93
2021-10-02,47675.0,-0.5,,
2021-10-03,48243.0,0.5,,
2021-10-04,49252.0,0.5,116.5,3.93
2021-10-05,51508.0,1.0,116.5,3.93
2021-10-06,55331.0,1.0,116.5,3.93
2021-10-07,53793.0,1.0,116.5,3.93
2021-10-08,53925.0,1.0,116.5,3.93
2021-10-09,54978.0,1.0,,
2021-10-10,54701.0,1.0,,
2021-10-11,57468.0,1.0,116.5,3.93
2021-10-12,55967.0,1.0,116.5,3.93
2021-10-13,57381.0,1.0,116.5,3.93
2021-10-14,57354.0,1.0,116.5,3.93
2021-10-15,61709.0,1.0,116.5,3.93
2021-10-16,60867.5,1.0,,
2021-10-17,61511.0,1.0,,
2021-10-18,62034.0,1.0,116.5,3.93
2021-10-19,64237.0,1.0,,
2021-10-20,65988.0,1.0,,
2021-10-21,62200.0,1.0,116.5,3.93
2021-10-22,60708.0,1.0,116.5,3.93
2021-10-23,61302.0,1.0,,
2021-10-24,60847.0,1.0,,
2021-10-25,63100.0,1.0,116.5,3.93
2021-10-26,60290.0,1.0,116.5,3.93
2021-10-27,58453.0,0.5,120.25,3.7
2021-10-28,60598.0,1.0,120.25,3.7
2021-10-29,62235.0,1.0,120.25,3.7
2021-10-30,61838.8,1.0,,
2021-10-31,61330.0,1.0,,
2021-11-01,60927.0,1.0,120.25,3.7
2021-11-02,63249.0,1.0,120.25,3.7
2021-11-03,62904.0,1.0,120.25,3.7
2021-11-04,61422.8,1.0,120.25,3.7
2021-11-05,61016.4,1.0,120.25,3.7
2021-11-06,61496.0,1.0,,
2021-11-07,63259.1,1.0,,
2021-11-08,67526.0,1.0,120.25,3.7
2021-11-09,66935.0,1.0,120.25,3.7
2021-11-10,64954.0,1.0,120.25,3.7
2021-11-11,64801.0,1.0,120.25,3.7
2021-11-12,64156.0,1.0,120.25,3.7
2021-11-13,64406.0,1.0,,
2021-11-14,65471.0,1.0,,
2021-11-15,63562.0,1.0,120.25,3.7
2021-11-16,60124.0,0.5,120.25,3.7
2021-11-17,60386.1,0.5,120.25,3.7
2021-11-18,57014.0,0.0,120.25,3.7
2021-11-19,58130.0,0.0,120.25,3.7
2021-11-20,59739.0,0.0,,
2021-11-21,58790.0,0.0,,
2021-11-22,56299.0,0.0,120.25,3.7
2021-11-23,57602.0,0.0,120.25,3.7
2021-11-24,57209.0,0.0,120.25,3.7
2021-11-25,58995.0,0.0,120.25,3.7
2021-11-26,53738.0,0.0,120.25,3.7
2021-11-27,54836.0,0.0,,
2021-11-28,57325.0,0.0,,
2021-11-29,57845.0,0.0,120.25,3.7
2021-11-30,56938.0,0.0,120.25,3.7
2021-12-01,57250.0,-0.5,120.25,3.7
2021-12-02,56517.0,-0.5,119.75,3.73
2021-12-03,53709.0,-0.5,119.75,3.73
2021-12-04,49272.0,-0.5,,
2021-12-05,49469.0,-0.5,,
2021-12-06,50566.6,-1.0,119.75,3.73
2021-12-07,50634.0,-1.0,119.75,3.73
2021-12-08,50503.4,-1.0,119.75,3.73
2021-12-09,47611.0,-1.0,119.75,3.73
2021-12-10,47170.0,-1.0,119.75,3.73
2021-12-11,49363.1,-1.0,,
2021-12-12,50123.0,-1.0,,
2021-12-13,46777.0,-1.0,119.75,3.73
2021-12-14,48408.0,-1.0,119.75,3.73
2021-12-15,48901.0,-1.0,119.75,3.73
2021-12-16,47675.0,-1.0,119.75,3.73
2021-12-17,46193.0,-1.0,119.75,3.73
2021-12-18,46879.0,-1.0,,
2021-12-19,46716.5,-1.0,,
2021-12-20,46898.0,-1.0,119.75,3.73
2021-12-21,48923.0,-1.0,119.75,3.73
2021-12-22,48626.0,-1.0,119.75,3.73
2021-12-23,50812.0,-0.5,119.75,3.73
2021-12-24,50815.0,-0.5,,
2021-12-25,50437.0,-0.5,,
2021-12-26,50797.0,-0.5,,
2021-12-27,50684.0,-0.5,,
2021-12-28,47554.0,-1.0,119.75,3.73
2021-12-29,46465.0,-1.0,119.75,3.73
2021-12-30,47156.0,-1.0,119.75,3.73
2021-12-31,46218.0,-1.0,119.75,3.73
2022-01-01,47755.0,-1.0,,
2022-01-02,47314.0,-1.0,,
2022-01-03,46445.0,-1.0,119.75,3.73
2022-01-04,45830.0,-1.0,119.75,3.73
2022-01-05,43418.0,-1.0,121.63,3.63
2022-01-06,43111.0,-1.0,121.63,3.63
2022-01-07,41518.0,-1.0,121.63,3.63
2022-01-08,41679.0,-1.0,,
2022-01-09,41850.0,-1.0,,
2022-01-10,41839.0,-1.0,121.63,3.63
2022-01-11,42743.0,-1.0,121.63,3.63
2022-01-12,43909.0,-1.0,121.63,3.63
2022-01-13,42562.0,-1.0,121.63,3.63
2022-01-14,43091.0,-1.0,121.63,3.63
2022-01-15,43069.0,-1.0,,
2022-01-16,43084.0,-1.0,,
2022-01-17,42242.0,-1.0,121.63,3.63
2022-01-18,42390.0,-1.0,121.63,3.63
2022-01-19,41676.0,-1.0,121.63,3.63
2022-01-20,40740.0,-1.0,117.0,3.9
2022-01-21,36501.0,-1.0,117.0,3.9
2022-01-22,35103.0,-1.0,,
2022-01-23,36308.0,-1.0,,
2022-01-24,36702.0,-1.0,117.0,3.9
2022-01-25,36994.0,-1.0,117.0,3.9
2022-01-26,36830.8,-1.0,117.0,3.9
2022-01-27,37217.0,-1.0,117.0,3.9
2022-01-28,37759.8,-1.0,117.0,3.9
2022-01-29,38197.0,-1.0,,
2022-01-30,37939.0,-1.0,,
2022-01-31,38526.0,-1.0,117.0,3.9
2022-02-01,38733.0,-1.0,,
2022-02-02,36925.0,-1.0,117.0,3.9
2022-02-03,37331.0,-1.0,117.0,3.9
2022-02-04,41562.7,-0.5,115.75,3.99
2022-02-05,41454.0,-0.5,,
2022-02-06,42423.0,-0.5,,
2022-02-07,43865.0,0.0,115.75,3.99
2022-02-08,44060.5,0.0,115.75,3.99
2022-02-09,44432.0,0.0,113.25,4.11
2022-02-10,43545.0,0.0,113.25,4.11
2022-02-11,42418.0,0.0,113.25,4.11
2022-02-12,42239.1,0.0,,
2022-02-13,42091.0,0.0,,
2022-02-14,42559.9,0.0,114.5,4.06
2022-02-15,44559.9,0.0,113.25,4.12
2022-02-16,43885.0,0.0,113.0,4.14
2022-02-17,40556.0,-0.5,113.0,4.14
2022-02-18,40037.0,-0.5,113.0,4.14
2022-02-19,40141.0,-1.0,,
2022-02-20,38420.0,-1.0,,
2022-02-21,37054.0,-1.0,113.0,4.14
2022-02-22,38299.0,-1.0,113.0,4.14
2022-02-23,37292.0,-1.0,113.0,4.14
2022-02-24,38380.0,-1.0,113.0,4.14
2022-02-25,39243.0,-1.0,113.0,4.14
2022-02-26,39125.0,-1.0,,
2022-02-27,37734.0,-1.0,,
2022-02-28,43202.0,-0.5,,
2022-03-01,44442.0,0.0,111.5,4.26
2022-03-02,43952.0,0.0,111.5,4.26
2022-03-03,42490.0,0.0,,
2022-03-04,39171.0,0.0,111.5,4.26
2022-03-05,39408.0,-0.5,,
2022-03-06,38437.0,-1.0,,
2022-03-07,38039.0,-1.0,111.5,4.26
2022-03-08,38757.0,-1.0,111.5,4.26
2022-03-09,41962.3,-0.5,111.5,4.26
2022-03-10,39458.5,-1.0,111.5,4.26
2022-03-11,38737.0,-1.0,111.5,4.26
2022-03-12,38816.3,-1.0,,
2022-03-13,37777.1,-1.0,,
2022-03-14,39717.0,-1.0,111.5,4.26
2022-03-15,39317.0,-1.0,111.5,4.26
2022-03-16,41148.0,-0.5,111.5,4.26
2022-03-17,40942.6,-0.5,111.5,4.26
2022-03-18,41774.0,0.0,111.5,4.26
2022-03-19,42214.0,0.0,,
2022-03-20,41249.0,0.0,,
2022-03-21,41031.0,0.0,111.5,4.26
2022-03-22,42370.0,0.0,111.5,4.26
2022-03-23,42882.0,0.0,111.5,4.26
2022-03-24,44003.0,0.5,111.5,4.26
2022-03-25,44337.0,0.5,111.5,4.26
2022-03-26,44536.4,0.5,,
2022-03-27,46836.0,0.5,,
2022-03-28,47105.0,0.5,111.5,4.26
2022-03-29,47424.0,0.5,111.5,4.26
2022-03-30,47035.0,0.5,111.5,4.26
2022-03-31,45535.0,0.5,111.5,4.26
2022-04-01,46301.0,0.5,111.5,4.26
2022-04-02,45825.0,0.5,,
2022-04-03,46383.0,0.5,,
2022-04-04,46611.1,0.5,111.5,4.26
2022-04-05,45481.0,0.5,111.5,4.26
2022-04-06,43199.0,0.0,111.5,4.26
2022-04-07,43458.0,0.0,111.5,4.26
2022-04-08,42277.0,0.0,111.5,4.26
2022-04-09,42780.0,0.0,,
2022-04-10,42181.0,-0.5,,
2022-04-11,39565.0,-0.5,111.5,4.26
2022-04-12,40087.0,-0.5,111.5,4.26
2022-04-13,41155.0,-1.0,111.5,4.26
2022-04-14,39948.0,-1.0,111.5,4.26
2022-04-15,40587.0,-1.0,,
2022-04-16,40408.7,-1.0,,
2022-04-17,39707.6,-1.0,,
2022-04-18,40821.0,-1.0,111.5,4.26
2022-04-19,41516.8,-1.0,111.5,4.26
2022-04-20,41366.4,-1.0,111.5,4.26
2022-04-21,40502.0,-1.0,111.5,4.26
2022-04-22,39724.0,-1.0,111.5,4.26
2022-04-23,39446.7,-1.0,,
2022-04-24,39486.0,-1.0,,
2022-04-25,40456.0,-1.0,111.5,4.26
2022-04-26,38139.0,-1.0,111.5,4.26
2022-04-27,39263.0,-1.0,111.5,4.26
2022-04-28,39757.8,-1.0,111.5,4.26
2022-04-29,38600.0,-1.0,,
2022-04-30,37662.0,-1.0,,
2022-05-01,38496.1,-1.0,,
2022-05-02,38520.0,-1.0,,
2022-05-03,37751.0,-1.0,,
2022-05-04,39701.2,-1.0,,
2022-05-05,36577.0,-1.0,,
2022-05-06,36040.0,-1.0,,
2022-05-07,35508.0,-1.0,,
2022-05-08,34084.0,-1.0,,
2022-05-09,30158.0,-1.0,111.5,4.26
2022-05-10,31050.0,-1.0,111.5,4.26
2022-05-11,29095.0,-1.0,111.5,4.26
2022-05-12,29089.5,-1.0,111.5,4.26
2022-05-13,29306.0,-1.0,95.0,5.4
2022-05-14,30104.0,-1.0,,
2022-05-15,31319.0,-1.0,,
2022-05-16,29854.0,-1.0,,
2022-05-17,30442.0,-1.0,95.0,5.4
2022-05-18,28680.0,-1.0,95.0,5.4
2022-05-19,30329.0,-1.0,95.0,5.4
2022-05-20,29202.0,-1.0,95.0,5.4
2022-05-21,29439.0,-1.0,,
2022-05-22,30283.0,-1.0,,
2022-05-23,29091.0,-1.0,95.0,5.4
2022-05-24,29647.0,-1.0,97.25,5.21
2022-05-25,29524.0,-1.0,97.25,5.21
2022-05-26,29213.0,-1.0,,
2022-05-27,28609.0,-1.0,97.25,5.21
2022-05-28,29037.0,-1.0,,
2022-05-29,29476.0,-1.0,,
2022-05-30,31726.3,-0.5,97.25,5.21
2022-05-31,31792.0,-0.5,100.75,4.95
2022-06-01,29832.0,-0.5,,
2022-06-02,30478.0,-0.5,100.75,4.95
2022-06-03,29730.0,-1.0,99.35,5.04
2022-06-04,29877.0,-1.0,,
2022-06-05,29923.4,-1.0,,
2022-06-06,31371.0,-0.5,99.35,5.04
2022-06-07,31149.0,-0.5,99.35,5.04
2022-06-08,30230.0,-0.5,100.1,4.99
2022-06-09,30112.2,-1.0,100.1,4.99
2022-06-10,29103.0,-1.0,97.4,5.17
2022-06-11,28425.0,-1.0,,
2022-06-12,26670.0,-1.0,,
2022-06-13,22487.0,-1.0,95.5,5.28
2022-06-14,22172.0,-1.0,95.5,5.28
2022-06-15,22594.0,-1.0,95.5,5.28
2022-06-16,20394.0,-1.0,95.5,5.28
2022-06-17,20411.0,-1.0,95.5,5.28
2022-06-18,18978.0,-1.0,,
2022-06-19,20556.0,-1.0,,
2022-06-20,20554.1,-1.0,95.5,5.28
2022-06-21,20692.9,-1.0,95.5,5.28
2022-06-22,19943.0,-1.0,95.35,5.32
2022-06-23,21071.0,-1.0,95.35,5.31
2022-06-24,21229.0,-1.0,95.6,5.35
2022-06-25,21485.0,-1.0,,
2022-06-26,21067.0,-1.0,,
2022-06-27,20718.0,-1.0,95.6,5.35
2022-06-28,20267.0,-1.0,95.6,5.35
2022-06-29,20106.6,-1.0,96.6,5.25
2022-06-30,19938.0,-1.0,96.1,5.28
2022-07-01,19286.0,-1.0,94.6,5.39
2022-07-02,19230.0,-1.0,,
2022-07-03,19308.8,-1.0,,
2022-07-04,20224.0,-1.0,94.6,5.39
2022-07-05,20169.0,-1.0,94.6,5.39
2022-07-06,20557.1,-1.0,94.6,5.39
2022-07-07,21620.0,-0.5,94.6,5.39
2022-07-08,21600.0,-0.5,94.75,5.32
2022-07-09,21575.8,-0.5,,
2022-07-10,20854.6,-0.5,,
2022-07-11,19945.0,-1.0,94.75,5.32
2022-07-12,19310.5,-1.0,94.6,5.37
2022-07-13,20246.0,-1.0,94.6,5.39
2022-07-14,20578.0,-1.0,94.6,5.43
2022-07-15,20816.0,-1.0,94.48,5.39
2022-07-16,21224.0,-0.5,,
2022-07-17,20781.0,-0.5,,
2022-07-18,22476.0,-0.5,94.1,5.43
2022-07-19,23398.0,0.0,94.1,5.43
2022-07-20,23209.0,0.0,93.98,5.44
2022-07-21,23151.8,0.0,94.85,5.33
2022-07-22,22675.9,0.0,95.1,5.31
2022-07-23,22446.0,0.0,,
2022-07-24,22579.2,0.0,,
2022-07-25,21302.6,0.0,95.1,5.31
2022-07-26,21271.0,-0.5,97.1,5.19
2022-07-27,22951.0,0.0,97.6,5.16
2022-07-28,23851.6,0.0,98.35,5.12
2022-07-29,23764.0,0.0,98.95,5.06
2022-07-30,23639.0,0.0,,
2022-07-31,23294.0,0.0,,
2022-08-01,23259.0,0.0,100.75,4.92
2022-08-02,22984.0,0.0,101.1,4.9
2022-08-03,22813.9,0.0,101.6,4.86
2022-08-04,22611.7,0.0,101.1,4.93
2022-08-05,23311.0,0.0,101.75,4.86
2022-08-06,22924.0,0.0,,
2022-08-07,23177.9,0.0,,
2022-08-08,23817.0,0.0,101.0,4.93
2022-08-09,23141.0,0.0,101.0,4.93
2022-08-10,23954.2,0.0,101.0,4.93
2022-08-11,23931.5,0.0,103.0,4.79
2022-08-12,24395.2,0.0,103.0,4.79
2022-08-13,24425.0,0.0,,
2022-08-14,24300.0,0.0,,
2022-08-15,24094.0,0.0,103.0,4.79
2022-08-16,23856.0,0.5,103.0,4.79
2022-08-17,23335.0,0.0,,
2022-08-18,23196.7,-0.5,100.35,4.93
2022-08-19,20839.0,-1.0,100.35,4.93
2022-08-20,21141.0,-1.0,,
2022-08-21,21510.0,-1.0,,
2022-08-22,21395.0,-1.0,99.5,5.01
2022-08-23,21527.0,-1.0,99.5,5.01
2022-08-24,21365.6,-1.0,101.5,4.87
2022-08-25,21563.1,-1.0,101.5,4.87
2022-08-26,20257.9,-1.0,101.5,4.87
2022-08-27,20036.0,-1.0,,
2022-08-28,19557.8,-1.0,,
2022-08-29,20308.0,-1.0,101.5,4.87
2022-08-30,19812.0,-1.0,101.5,4.87
2022-08-31,20058.0,-1.0,101.5,4.87
2022-09-01,20134.0,-1.0,101.5,4.87
2022-09-02,19973.0,-1.0,101.5,4.87
2022-09-03,19835.0,-1.0,,
2022-09-04,20002.0,-1.0,,
2022-09-05,19788.0,-1.0,96.4,5.25
2022-09-06,18790.0,-1.0,96.1,5.31
2022-09-07,19279.5,-1.0,94.5,5.38
2022-09-08,19322.0,-1.0,95.85,5.21
2022-09-09,21375.0,-0.5,96.95,5.17
2022-09-10,21648.0,-0.5,,
2022-09-11,21826.0,-0.5,,
2022-09-12,22395.0,0.0,96.45,5.2
2022-09-13,20181.0,-0.5,96.45,5.2
2022-09-14,20231.0,-1.0,97.05,5.2
2022-09-15,19717.0,-1.0,97.0,5.2
2022-09-16,19809.9,-1.0,96.0,5.21
2022-09-17,20127.0,-1.0,,
2022-09-18,19424.0,-1.0,,
2022-09-19,19544.5,-1.0,95.5,5.36
2022-09-20,18886.6,-1.0,95.0,5.37
2022-09-21,18476.5,-1.0,95.65,5.31
2022-09-22,19413.0,-1.0,93.75,5.52
2022-09-23,19298.8,-1.0,92.0,5.66
2022-09-24,18935.0,-1.0,,
2022-09-25,18817.0,-1.0,,
2022-09-26,19229.5,-1.0,91.5,5.7
2022-09-27,19096.6,-1.0,89.35,5.89
2022-09-28,19419.0,-1.0,87.0,6.03
2022-09-29,19588.0,-1.0,87.0,6.03
2022-09-30,19430.0,-1.0,85.5,6.18
2022-10-01,19317.0,-1.0,,
2022-10-02,19066.0,-1.0,,
2022-10-03,19638.0,-0.5,86.38,6.14
2022-10-04,20340.0,-0.5,88.0,5.98
2022-10-05,20156.0,-0.5,88.0,5.81
2022-10-06,19957.0,-0.5,88.5,5.9
2022-10-07,19533.0,-0.5,88.5,5.9
2022-10-08,19418.0,-1.0,,
2022-10-09,19444.4,-1.0,,
2022-10-10,19128.0,-1.0,87.0,6.05
2022-10-11,19062.0,-1.0,86.0,6.16
2022-10-12,19158.0,-1.0,85.5,6.19
2022-10-13,19387.0,-1.0,85.25,6.22
2022-10-14,19187.0,-1.0,85.25,6.21
2022-10-15,19072.0,-1.0,,
2022-10-16,19269.0,-1.0,,
2022-10-17,19554.0,-0.5,85.5,6.22
2022-10-18,19334.0,-1.0,84.5,6.27
2022-10-19,19132.0,-1.0,85.0,6.26
2022-10-20,19057.0,-1.0,84.0,6.31
2022-10-21,19175.0,-1.0,83.0,6.42
2022-10-22,19219.0,-1.0,,
2022-10-23,19585.0,-0.5,,
2022-10-24,19340.0,-0.5,83.0,6.47
2022-10-25,20104.0,0.0,83.0,6.45
2022-10-26,20788.0,0.0,83.0,6.45
2022-10-27,20303.0,0.0,86.75,6.07
2022-10-28,20611.0,0.0,87.4,6.02
2022-10-29,20833.0,0.0,,
2022-10-30,20647.0,0.0,,
2022-10-31,20509.0,0.5,87.5,6.03
2022-11-01,20500.0,0.5,87.6,6.01
2022-11-02,20168.0,0.5,87.75,6.01
2022-11-03,20223.0,0.5,87.6,6.01
2022-11-04,21168.0,0.5,87.6,6.01
2022-11-05,21313.0,0.5,,
2022-11-06,20932.0,0.5,,
2022-11-07,20610.0,0.5,87.6,6.01
2022-11-08,18557.0,0.0,88.0,6.02
2022-11-09,15907.0,-1.0,87.75,5.99
2022-11-10,17579.0,-1.0,87.75,5.99
2022-11-11,17045.0,-1.0,87.75,5.99
2022-11-12,16812.0,-1.0,,
2022-11-13,16345.0,-1.0,,
2022-11-14,16627.0,-1.0,92.0,5.64
2022-11-15,16886.0,-1.0,91.75,5.66
2022-11-16,16531.0,-1.0,91.75,5.66
2022-11-17,16705.0,-1.0,93.75,5.5
2022-11-18,16634.0,-1.0,92.5,5.6
2022-11-19,16695.0,-1.0,,
2022-11-20,16281.0,-1.0,,
2022-11-21,15766.0,-1.0,92.5,5.6
2022-11-22,16215.0,-1.0,91.75,5.66
2022-11-23,16619.0,-1.0,93.0,5.58
2022-11-24,16606.0,-1.0,94.0,5.45
2022-11-25,16519.0,-1.0,95.0,5.4
2022-11-26,16459.0,-1.0,,
2022-11-27,16432.0,-1.0,,
2022-11-28,16215.0,-1.0,95.75,5.34
2022-11-29,16452.0,-1.0,96.25,5.3
2022-11-30,17182.0,-0.5,96.75,5.26
2022-12-01,16980.0,-0.5,96.75,5.26
2022-12-02,17091.0,-0.5,97.5,5.18
2022-12-03,16890.0,-0.5,,
2022-12-04,17128.0,-0.5,,
2022-12-05,16974.0,-0.5,97.5,5.18
2022-12-06,17096.0,-0.5,,
2022-12-07,16844.0,-0.5,97.3,5.22
2022-12-08,17246.0,-0.5,97.75,5.18
2022-12-09,17135.0,-0.5,98.5,5.13
2022-12-10,17132.0,-0.5,,
2022-12-11,17109.0,-0.5,,
2022-12-12,17228.0,-0.5,98.5,5.13
2022-12-13,17785.0,0.0,98.5,5.13
2022-12-14,17810.0,0.0,98.45,5.11
2022-12-15,17372.0,0.0,98.5,5.13
2022-12-16,16642.0,-1.0,98.25,5.12
2022-12-17,16793.0,-1.0,,
2022-12-18,16757.0,-1.0,,
2022-12-19,16448.0,-1.0,98.25,5.15
2022-12-20,16925.0,-1.0,98.25,5.15
2022-12-21,16845.0,-1.0,97.0,5.25
2022-12-22,16838.0,-1.0,96.6,5.26
2022-12-23,16802.0,-1.0,97.2,5.23
2022-12-24,16864.0,-1.0,,
2022-12-25,16847.0,-1.0,,
2022-12-26,16946.0,-1.0,97.0,5.25
2022-12-27,16719.0,-1.0,97.0,5.25
2022-12-28,16558.0,-1.0,96.75,5.27
2022-12-29,16658.0,-1.0,96.75,5.27
2022-12-30,16618.0,-1.0,96.65,5.28
2022-12-31,16564.0,-1.0,,
2023-01-01,16643.0,-1.0,,
2023-01-02,16690.0,-1.0,96.65,5.28
2023-01-03,16689.0,-1.0,95.75,5.35
2023-01-04,16868.0,-0.5,95.25,5.37
2023-01-05,16842.0,-0.5,95.75,5.35
2023-01-06,16967.0,-0.5,95.25,5.36
2023-01-07,16958.0,-0.5,,
2023-01-08,17139.0,0.0,,
2023-01-09,17188.0,0.0,95.75,5.32
2023-01-10,17445.0,0.0,96.25,5.3
2023-01-11,17946.0,0.0,95.75,5.34
2023-01-12,18857.0,0.0,95.75,5.34
2023-01-13,19933.0,0.5,95.75,5.34
2023-01-14,20963.0,0.5,,
2023-01-15,20882.0,0.5,,
2023-01-16,21196.0,0.5,97.3,5.22
2023-01-17,21136.0,0.5,96.75,5.26
2023-01-18,20678.0,0.5,97.75,5.18
2023-01-19,21080.0,0.5,97.75,5.18
2023-01-20,22672.0,0.5,100.0,5.01
2023-01-21,22766.0,0.5,,
2023-01-22,22713.0,1.0,,
2023-01-23,22910.0,1.0,,
2023-01-24,22627.0,1.0,99.9,5.02
2023-01-25,23045.0,1.0,99.9,5.02
2023-01-26,23004.0,1.0,100.5,4.99
2023-01-27,23067.0,1.0,100.65,4.98
2023-01-28,23029.0,1.0,,
2023-01-29,23746.0,1.0,,
2023-01-30,22837.0,1.0,100.65,4.98
2023-01-31,23135.0,1.0,99.5,5.05
2023-02-01,23723.0,1.0,99.75,5.03
2023-02-02,23485.0,1.0,101.5,4.9
2023-02-03,23433.0,1.0,102.45,4.83
2023-02-04,23315.0,1.0,,
2023-02-05,22936.0,1.0,,
2023-02-06,22755.0,1.0,101.0,4.94
2023-02-07,23251.0,1.0,99.75,5.03
2023-02-08,22959.0,1.0,99.5,5.05
2023-02-09,21800.0,0.5,99.1,5.07
2023-02-10,21643.0,0.5,98.5,5.12
2023-02-11,21866.0,0.5,,
2023-02-12,21796.0,0.5,,
2023-02-13,21773.0,0.5,97.0,5.24
2023-02-14,22198.0,0.5,97.5,5.22
2023-02-15,24318.0,1.0,97.5,5.2
2023-02-16,23535.0,1.0,96.0,5.32
2023-02-17,24579.0,1.0,96.0,5.32
2023-02-18,24633.0,1.0,,
2023-02-19,24294.0,1.0,,
2023-02-20,24831.0,1.0,94.75,5.42
2023-02-21,24460.0,1.0,95.15,5.38
2023-02-22,24186.0,1.0,94.0,5.48
2023-02-23,23947.0,1.0,95.1,5.39
2023-02-24,23201.0,1.0,96.65,5.27
2023-02-25,23177.0,0.5,,
2023-02-26,23560.0,0.5,,
2023-02-27,23504.0,0.5,96.4,5.29
2023-02-28,23134.0,0.5,97.0,5.24
2023-03-01,23646.0,0.5,96.75,5.26
2023-03-02,23472.0,0.5,96.25,5.3
2023-03-03,22363.0,0.5,96.25,5.3
2023-03-04,22346.0,0.0,,
2023-03-05,22431.0,0.0,,
2023-03-06,22404.0,0.0,96.25,5.3
2023-03-07,22209.0,0.0,96.0,5.32
2023-03-08,21712.0,0.0,96.0,5.32
2023-03-09,20378.0,0.0,96.25,5.3
2023-03-10,20201.0,0.0,96.25,5.3
2023-03-11,20538.0,-0.5,,
2023-03-12,22079.0,-0.5,,
2023-03-13,24187.0,0.5,96.25,5.3
2023-03-14,24744.0,1.0,97.5,5.2
2023-03-15,24321.0,1.0,97.5,5.19
2023-03-16,25057.0,1.0,98.55,5.11
2023-03-17,27350.0,1.0,98.5,5.12
2023-03-18,26913.0,1.0,,
2023-03-19,27936.0,1.0,,
2023-03-20,27712.0,1.0,97.9,5.17
2023-03-21,28112.0,1.0,98.5,5.12
2023-03-22,27263.0,1.0,,
2023-03-23,28304.0,1.0,,
2023-03-24,27458.0,1.0,98.65,5.11
2023-03-25,27482.0,1.0,,
2023-03-26,27986.0,1.0,,
2023-03-27,27129.0,1.0,98.5,5.12
2023-03-28,27265.0,1.0,98.5,5.18
2023-03-29,28344.0,1.0,97.4,5.2
2023-03-30,28017.0,1.0,97.55,5.2
2023-03-31,28460.0,1.0,98.15,5.15
2023-04-01,28443.0,1.0,,
2023-04-02,28173.0,1.0,,
2023-04-03,27790.0,1.0,98.5,5.12
2023-04-04,28153.0,1.0,99.75,5.03
2023-04-05,28153.0,1.0,99.75,5.03
2023-04-06,28018.0,1.0,100.5,4.97
2023-04-07,27889.0,1.0,,
2023-04-08,27901.0,1.0,,
2023-04-09,28320.0,1.0,,
2023-04-10,29614.0,1.0,100.5,4.97
2023-04-11,30190.0,1.0,100.25,4.99
2023-04-12,29876.0,1.0,100.4,4.98
2023-04-13,30389.0,1.0,100.5,4.97
2023-04-14,30462.0,1.0,100.5,4.97
2023-04-15,30280.0,1.0,,
2023-04-16,30285.0,1.0,,
2023-04-17,29434.0,1.0,100.0,5.01
2023-04-18,30392.0,1.0,99.75,5.03
2023-04-19,28826.0,1.0,,
2023-04-20,28248.0,0.5,,
2023-04-21,27287.0,0.5,,
2023-04-22,27826.0,0.5,,
2023-04-23,27613.0,0.5,,
2023-04-24,27522.0,0.0,,
2023-04-25,28324.0,0.0,,
2023-04-26,28433.0,0.0,,
2023-04-27,29479.0,1.0,99.75,5.03
2023-04-28,29338.0,1.0,99.5,5.05
2023-04-29,29253.0,1.0,,
2023-04-30,29255.0,1.0,,
2023-05-01,28106.0,0.5,,
2023-05-02,28679.0,0.5,99.35,5.06
2023-05-03,29037.0,1.0,99.75,5.03
2023-05-04,28844.0,1.0,100.75,4.95
2023-05-05,29526.0,1.0,100.65,4.96
2023-05-06,28909.0,1.0,,
2023-05-07,28464.0,0.5,,
2023-05-08,27701.0,0.5,100.45,4.98
2023-05-09,27668.0,0.0,100.0,5.01
2023-05-10,27622.0,0.0,99.75,5.03
2023-05-11,27016.0,0.0,100.0,5.01
2023-05-12,26818.0,0.0,,
2023-05-13,26790.0,0.0,,
2023-05-14,26937.0,0.0,,
2023-05-15,27190.0,0.0,99.75,5.03
2023-05-16,27054.0,0.0,99.25,5.07
2023-05-17,27425.0,0.0,99.15,5.07
2023-05-18,26862.0,-0.5,,
2023-05-19,26911.0,-0.5,98.15,5.15
2023-05-20,27126.0,-0.5,,
2023-05-21,26760.0,-0.5,,
2023-05-22,26869.0,-0.5,98.0,5.16
2023-05-23,27243.0,-0.5,97.5,5.2
2023-05-24,26344.0,-1.0,97.65,5.19
2023-05-25,26498.0,-1.0,97.5,5.2
2023-05-26,26737.0,-1.0,97.25,5.22
2023-05-27,26885.0,-1.0,,
2023-05-28,28096.0,-0.5,,
2023-05-29,27772.0,-0.5,97.25,5.22
2023-05-30,27723.0,-0.5,98.0,5.16
2023-05-31,27220.0,-0.5,98.75,5.11
2023-06-01,26833.0,-1.0,,
2023-06-02,27254.0,-1.0,,
2023-06-03,27077.0,-1.0,,
2023-06-04,27126.0,-1.0,,
2023-06-05,25730.0,-1.0,98.25,5.14
2023-06-06,27233.0,-1.0,98.35,5.14
2023-06-07,26365.0,-1.0,98.75,5.11
2023-06-08,26526.0,-1.0,98.25,5.14
2023-06-09,26502.0,-1.0,98.4,5.13
2023-06-10,25870.0,-1.0,,
2023-06-11,25953.0,-1.0,,
2023-06-12,25933.0,-1.0,98.4,5.13
2023-06-13,25941.0,-1.0,98.2,5.15
2023-06-14,25146.0,-1.0,98.35,5.14
2023-06-15,25611.0,-1.0,98.75,5.11
2023-06-16,26357.0,-1.0,,
2023-06-17,26535.0,-1.0,,
2023-06-18,26358.0,-0.5,,
2023-06-19,26866.0,-0.5,99.5,5.05
2023-06-20,28325.0,0.0,99.25,5.07
2023-06-21,30013.0,0.0,99.5,5.05
2023-06-22,29920.0,0.5,100.0,5.01
2023-06-23,30708.0,0.5,99.7,5.03
2023-06-24,30556.0,0.5,,
2023-06-25,30485.0,0.5,,
2023-06-26,30287.0,0.5,100.0,5.01
2023-06-27,30711.0,0.5,100.0,5.01
2023-06-28,30094.0,0.5,,
2023-06-29,30471.0,0.5,,
2023-06-30,30500.0,0.5,,
2023-07-01,30607.0,1.0,,
2023-07-02,30663.0,1.0,,
2023-07-03,31176.0,1.0,99.5,5.05
2023-07-04,30782.0,1.0,99.6,5.04
2023-07-05,30532.0,1.0,100.0,5.01
2023-07-06,29942.0,1.0,99.4,5.06
2023-07-07,30370.0,1.0,98.5,5.12
2023-07-08,30318.0,1.0,,
2023-07-09,30188.0,1.0,,
2023-07-10,30445.0,1.0,97.5,5.2
2023-07-11,30654.0,1.0,97.15,5.23
2023-07-12,30428.0,1.0,98.0,5.16
2023-07-13,31500.0,1.0,99.0,5.09
2023-07-14,30343.0,1.0,99.75,5.03
2023-07-15,30310.0,1.0,,
2023-07-16,30260.0,0.5,,
2023-07-17,30172.0,0.5,99.25,5.07
2023-07-18,29888.0,0.5,,
2023-07-19,29939.0,0.5,,
2023-07-20,29839.0,0.5,99.75,5.03
2023-07-21,29942.0,0.5,99.25,5.07
2023-07-22,29811.0,0.5,,
2023-07-23,30122.0,0.5,,
2023-07-24,29224.0,0.0,99.5,5.05
2023-07-25,29272.0,0.0,99.4,5.06
2023-07-26,29390.0,-0.5,99.4,5.06
2023-07-27,29256.0,-0.5,100.3,4.99
2023-07-28,29365.0,-0.5,99.5,5.05
2023-07-29,29402.0,-0.5,,
2023-07-30,29315.0,-0.5,,
2023-07-31,29273.0,-0.5,99.4,5.06
2023-08-01,29746.0,-0.5,99.5,5.05
2023-08-02,29197.0,-0.5,97.75,5.18
2023-08-03,29206.0,-0.5,96.25,5.3
2023-08-04,29119.0,-0.5,96.25,5.3
2023-08-05,29075.0,-0.5,,
2023-08-06,29095.0,-0.5,,
2023-08-07,29223.0,-0.5,97.0,5.24
2023-08-08,29796.0,0.0,97.0,5.24
2023-08-09,29597.0,0.0,,
2023-08-10,29458.0,0.0,98.0,5.16
2023-08-11,29434.0,0.0,97.0,5.24
2023-08-12,29445.0,0.0,,
2023-08-13,29314.0,-0.5,,
2023-08-14,29445.0,-0.5,96.25,5.3
2023-08-15,29200.0,-0.5,95.6,5.35
2023-08-16,28730.0,-1.0,95.0,5.4
2023-08-17,26661.0,-1.0,,
2023-08-18,26066.0,-1.0,94.0,5.48
2023-08-19,26115.0,-1.0,,
2023-08-20,26215.0,-1.0,,
2023-08-21,26144.0,-1.0,93.35,5.54
2023-08-22,26057.0,-1.0,92.75,5.59
2023-08-23,26461.0,-1.0,94.35,5.46
2023-08-24,26199.0,-1.0,95.5,5.36
2023-08-25,26079.0,-1.0,95.4,5.37
2023-08-26,26045.0,-1.0,,
2023-08-27,26121.0,-1.0,,
2023-08-28,26147.0,-1.0,95.2,5.39
2023-08-29,27752.0,-0.5,95.5,5.36
2023-08-30,27325.0,-0.5,96.75,5.26
2023-08-31,25967.0,-1.0,96.5,5.28
2023-09-01,25816.0,-1.0,96.6,5.27
2023-09-02,25870.0,-1.0,,
2023-09-03,25980.0,-1.0,,
2023-09-04,25823.0,-1.0,96.4,5.29
2023-09-05,25793.0,-1.0,95.9,5.33
2023-09-06,25783.0,-1.0,95.0,5.4
2023-09-07,26264.0,-1.0,94.75,5.42
2023-09-08,25918.0,-1.0,96.5,5.36
2023-09-09,25910.0,-1.0,,
2023-09-10,25860.0,-1.0,,
2023-09-11,25183.0,-1.0,94.75,5.42
2023-09-12,25851.0,-1.0,94.0,5.48
2023-09-13,26238.0,-1.0,93.9,5.49
2023-09-14,26544.0,-0.5,94.75,5.42
2023-09-15,26625.0,-0.5,,
2023-09-16,26576.0,-0.5,,
2023-09-17,26547.0,-0.5,,
2023-09-18,26788.0,-0.5,93.5,5.53
2023-09-19,27244.0,0.0,93.6,5.52
2023-09-20,27149.0,0.0,93.25,5.55
2023-09-21,26594.0,0.0,92.5,5.61
2023-09-22,26606.0,0.0,91.5,5.7
2023-09-23,26609.0,0.0,,
2023-09-24,26299.0,-1.0,,
2023-09-25,26330.0,-1.0,91.9,5.66
2023-09-26,26244.0,-1.0,90.75,5.76
2023-09-27,26391.0,-1.0,90.65,5.77
2023-09-28,27046.0,0.0,,
2023-09-29,26929.0,0.0,90.4,5.79
2023-09-30,26980.0,0.0,,
2023-10-01,28008.0,0.0,,
2023-10-02,27526.0,0.0,90.25,5.8
2023-10-03,27431.0,0.0,89.6,5.82
2023-10-04,27805.0,0.0,86.3,6.16
2023-10-05,27418.0,0.0,88.5,5.96
2023-10-06,27942.0,0.5,,
2023-10-07,27967.0,0.5,,
2023-10-08,27929.0,0.5,,
2023-10-09,27617.0,0.5,87.75,6.03
2023-10-10,27414.0,0.5,88.8,5.93
2023-10-11,26894.0,0.0,89.25,5.89
2023-10-12,26795.0,0.0,89.35,5.88
2023-10-13,26875.0,-0.5,88.75,5.94
2023-10-14,26871.0,-0.5,,
2023-10-15,27168.0,-0.5,,
2023-10-16,28524.0,0.5,88.5,5.96
2023-10-17,28410.0,0.5,88.0,6.01
2023-10-18,28332.0,0.5,87.25,6.07
2023-10-19,28745.0,0.5,,
2023-10-20,29689.0,0.5,85.85,6.2
2023-10-21,29922.0,0.5,,
2023-10-22,30023.0,0.5,,
2023-10-23,33069.0,0.5,84.5,6.33
2023-10-24,33943.0,0.5,,
2023-10-25,34504.0,0.5,87.3,6.07
2023-10-26,34184.0,0.5,85.25,6.26
2023-10-27,33942.0,1.0,86.65,6.13
2023-10-28,34104.0,1.0,,
2023-10-29,34551.0,1.0,,
2023-10-30,34490.0,1.0,,
2023-10-31,34669.0,1.0,86.2,6.17
2023-11-01,35447.0,1.0,,
2023-11-02,34944.0,1.0,,
2023-11-03,34751.0,1.0,,
2023-11-04,35100.0,1.0,,
2023-11-05,35064.0,1.0,,
2023-11-06,35053.0,1.0,,
2023-11-07,35455.0,1.0,89.75,5.85
2023-11-08,35641.0,1.0,90.45,5.79
2023-11-09,36699.0,1.0,91.15,5.73
2023-11-10,37301.0,1.0,89.8,5.85
2023-11-11,37141.0,1.0,,
2023-11-12,37042.0,1.0,,
2023-11-13,36511.0,1.0,89.9,5.84
2023-11-14,35542.0,1.0,90.5,5.78
2023-11-15,37865.0,1.0,92.25,5.63
2023-11-16,36161.0,1.0,91.75,5.68
2023-11-17,36631.0,1.0,,
2023-11-18,36581.0,1.0,,
2023-11-19,37368.0,1.0,,
2023-11-20,37451.0,1.0,92.25,5.63
2023-11-21,35794.0,1.0,,
2023-11-22,37407.0,1.0,93.25,5.55
2023-11-23,37280.0,1.0,93.5,5.53
2023-11-24,37704.0,1.0,93.65,5.52
2023-11-25,37782.0,1.0,,
2023-11-26,37443.0,1.0,,
2023-11-27,37263.0,1.0,93.25,5.55
2023-11-28,37815.0,1.0,94.0,5.49
2023-11-29,37834.0,1.0,94.85,5.42
2023-11-30,37723.0,1.0,95.5,5.36
2023-12-01,38676.0,1.0,95.75,5.34
2023-12-02,39438.0,1.0,,
2023-12-03,39940.0,1.0,,
2023-12-04,41942.0,1.0,96.25,5.3
2023-12-05,44112.0,1.0,96.25,5.3
2023-12-06,43814.0,1.0,97.4,5.21
2023-12-07,43290.0,1.0,99.0,5.09
2023-12-08,44173.0,1.0,98.5,5.12
2023-12-09,43749.0,1.0,,
2023-12-10,43809.0,1.0,,
2023-12-11,41287.0,1.0,98.0,5.16
2023-12-12,41501.0,1.0,97.8,5.18
2023-12-13,42924.0,1.0,98.4,5.13
2023-12-14,43064.0,1.0,101.6,4.89
2023-12-15,41961.0,1.0,102.0,4.86
2023-12-16,42328.0,1.0,,
2023-12-17,41406.0,1.0,,
2023-12-18,42672.0,1.0,,
2023-12-19,42315.0,1.0,102.5,4.82
2023-12-20,43662.0,1.0,102.3,4.84
2023-12-21,43890.0,1.0,102.85,4.79
2023-12-22,44038.0,1.0,102.75,4.8
2023-12-23,43801.0,1.0,,
2023-12-24,43026.0,1.0,,
2023-12-25,43641.0,1.0,,
2023-12-26,42568.0,1.0,,
2023-12-27,43476.0,1.0,103.0,4.78
2023-12-28,42617.0,1.0,103.4,4.75
2023-12-29,42139.0,0.5,103.75,4.73
2023-12-30,42199.0,0.5,,
2023-12-31,42323.0,0.5,,
2024-01-01,44175.0,1.0,,
2024-01-02,44991.0,1.0,103.5,4.75
2024-01-03,42869.0,1.0,100.5,4.97
2024-01-04,44221.0,1.0,,
2024-01-05,44189.0,1.0,98.55,5.1
2024-01-06,44005.0,1.0,,
2024-01-07,43960.0,1.0,,
2024-01-08,46941.0,1.0,96.65,5.25
2024-01-09,46113.0,1.0,97.4,5.21
2024-01-10,46636.0,1.0,97.5,5.2
2024-01-11,46377.0,1.0,98.4,5.13
2024-01-12,42831.0,1.0,98.75,5.11
2024-01-13,42847.0,0.5,,
2024-01-14,41737.0,0.5,,
2024-01-15,42508.0,0.5,99.15,5.07
2024-01-16,43163.0,0.5,99.0,5.09
2024-01-17,42778.0,0.0,98.0,5.16
2024-01-18,41337.0,0.0,97.25,5.2
2024-01-19,41719.0,0.0,96.55,5.26
2024-01-20,41778.0,0.0,,
2024-01-21,41679.0,0.0,,
2024-01-22,39599.0,0.0,97.65,5.19
2024-01-23,39938.0,0.0,97.5,5.2
2024-01-24,40140.0,0.0,96.85,5.26
2024-01-25,40001.0,0.0,96.45,5.29
2024-01-26,41821.0,0.0,96.7,5.27
2024-01-27,42125.0,0.0,,
2024-01-28,42047.0,0.5,,
2024-01-29,43301.0,0.5,96.75,5.26
2024-01-30,42956.0,0.5,97.75,5.18
2024-01-31,42594.0,0.5,98.0,5.16
2024-02-01,43088.0,1.0,,
2024-02-02,43201.0,1.0,99.15,5.07
2024-02-03,43004.0,1.0,,
2024-02-04,42583.0,1.0,,
2024-02-05,42707.0,1.0,97.9,5.17
2024-02-06,43101.0,1.0,96.95,5.25
2024-02-07,44328.0,1.0,97.65,5.19
2024-02-08,45279.0,1.0,,
2024-02-09,47150.0,1.0,,
2024-02-10,47800.0,1.0,,
2024-02-11,48321.0,1.0,,
2024-02-12,49947.0,1.0,97.45,5.21
2024-02-13,49777.0,1.0,97.4,5.21
2024-02-14,51778.0,1.0,,
2024-02-15,51893.0,1.0,97.0,5.24
2024-02-16,52130.0,1.0,96.8,5.26
2024-02-17,51631.0,1.0,,
2024-02-18,52061.0,1.0,,
2024-02-19,51732.0,1.0,96.65,5.27
2024-02-20,52168.0,1.0,96.55,5.28
2024-02-21,51856.0,1.0,96.6,5.28
2024-02-22,51287.0,1.0,96.55,5.28
2024-02-23,50734.0,1.0,96.65,5.27
2024-02-24,51630.0,1.0,,
2024-02-25,51716.0,1.0,,
2024-02-26,54417.0,1.0,97.4,5.21
2024-02-27,56998.0,1.0,97.15,5.23
2024-02-28,62380.0,1.0,96.9,5.25
2024-02-29,61148.0,1.0,96.9,5.25
2024-03-01,62346.0,1.0,97.4,5.21
2024-03-02,61962.0,1.0,,
2024-03-03,63121.0,1.0,,
2024-03-04,68110.0,1.0,97.75,5.18
2024-03-05,63818.0,1.0,97.4,5.21
2024-03-06,66073.0,1.0,97.75,5.18
2024-03-07,66744.0,1.0,98.0,5.16
2024-03-08,68018.0,1.0,98.5,5.12
2024-03-09,68205.0,1.0,,
2024-03-10,68948.0,1.0,,
2024-03-11,71937.0,1.0,,
2024-03-12,71237.0,1.0,,
2024-03-13,72974.0,1.0,98.35,5.14
2024-03-14,71364.0,1.0,98.15,5.15
2024-03-15,69457.0,1.0,97.15,5.23
2024-03-16,65304.0,1.0,,
2024-03-17,68456.0,1.0,,
2024-03-18,67606.0,1.0,97.25,5.22
2024-03-19,62072.0,0.5,97.15,5.23
2024-03-20,67912.0,0.5,97.15,5.25
2024-03-21,65577.0,0.5,97.4,5.21
2024-03-22,63828.0,0.5,98.15,5.15
2024-03-23,64069.0,0.5,,
2024-03-24,67283.0,0.5,,
2024-03-25,69824.0,1.0,98.85,5.1
2024-03-26,70011.0,1.0,98.75,5.1
2024-03-27,69467.0,1.0,98.6,5.12
2024-03-28,70776.0,1.0,98.75,5.1
2024-03-29,69862.0,1.0,,
2024-03-30,69683.0,1.0,,
2024-03-31,71402.0,1.0,,
2024-04-01,69691.0,1.0,98.85,5.1
2024-04-02,65495.0,0.5,98.0,5.16
2024-04-03,65967.0,0.5,,
2024-04-04,68518.0,0.5,97.4,5.2
2024-04-05,67819.0,0.5,97.5,5.2
2024-04-06,68880.0,1.0,,
2024-04-07,69343.0,1.0,,
2024-04-08,71675.0,1.0,,
2024-04-09,69164.0,1.0,,
2024-04-10,70688.0,1.0,,
2024-04-11,70104.0,1.0,,
2024-04-12,67061.0,0.5,,
2024-04-13,64039.0,0.5,,
2024-04-14,65793.0,0.0,,
2024-04-15,63488.0,0.0,,
2024-04-16,63874.0,0.0,93.8,5.51
2024-04-17,61375.0,0.0,93.5,5.53
2024-04-18,63529.0,0.0,94.35,5.46
2024-04-19,63867.0,0.0,94.3,5.47
2024-04-20,65045.0,0.0,,
2024-04-21,64992.0,0.0,,
2024-04-22,66894.0,0.5,93.65,5.51
2024-04-23,66458.0,0.5,93.9,5.49
2024-04-24,64345.0,0.0,94.0,5.48
2024-04-25,64555.0,0.0,93.35,5.54
2024-04-26,63874.0,0.0,92.85,5.59
2024-04-27,63574.0,0.0,,
2024-04-28,63226.0,0.0,,
2024-04-29,63960.0,0.0,92.5,5.61
2024-04-30,60836.0,0.0,93.45,5.53
2024-05-01,58457.0,-0.5,,
2024-05-02,59247.0,-0.5,93.35,5.53
2024-05-03,62978.0,-0.5,93.95,5.49
2024-05-04,63983.0,-0.5,,
2024-05-05,64173.0,0.0,,
2024-05-06,63280.0,0.0,,
2024-05-07,62432.0,-0.5,95.4,5.35
2024-05-08,61343.0,-0.5,96.1,5.3
2024-05-09,63209.0,-0.5,,
2024-05-10,60807.0,-0.5,,
2024-05-11,60929.0,-0.5,,
2024-05-12,61612.0,-1.0,,
2024-05-13,62986.0,-1.0,95.75,5.34
2024-05-14,61668.0,-1.0,95.65,5.36
2024-05-15,66320.0,-0.5,95.8,5.33
2024-05-16,65314.0,0.0,97.45,5.21
2024-05-17,67182.0,0.5,97.25,5.22
2024-05-18,66995.0,1.0,,
2024-05-19,66339.0,1.0,,
2024-05-20,71428.0,1.0,96.95,5.24
2024-05-21,70148.0,1.0,96.65,5.26
2024-05-22,69225.0,1.0,96.9,5.24
2024-05-23,68058.0,1.0,,
2024-05-24,68604.0,1.0,,
2024-05-25,69334.0,1.0,,
2024-05-26,68585.0,1.0,,
2024-05-27,69492.0,1.0,96.25,5.3
2024-05-28,68434.0,1.0,96.3,5.29
2024-05-29,67720.0,1.0,95.4,5.37
2024-05-30,68413.0,1.0,94.65,5.43
2024-05-31,67582.0,1.0,95.25,5.38
2024-06-01,67759.0,1.0,,
2024-06-02,67816.0,1.0,,
2024-06-03,68859.0,1.0,95.75,5.34
2024-06-04,70604.0,1.0,,
2024-06-05,71101.0,1.0,97.25,5.22
2024-06-06,70836.0,1.0,97.5,5.2
2024-06-07,69403.0,1.0,97.55,0.0
2024-06-08,69338.0,1.0,,
2024-06-09,69646.0,1.0,,
2024-06-10,69528.0,1.0,96.65,5.26
2024-06-11,67331.0,0.5,96.3,5.3
2024-06-12,68266.0,0.5,96.7,0.0
2024-06-13,66776.0,0.5,97.45,0.0
2024-06-14,66038.0,0.0,,
2024-06-15,66229.0,0.0,,
2024-06-16,66677.0,0.0,,
2024-06-17,66570.0,0.0,,
2024-06-18,65250.0,-0.5,,
2024-06-19,65071.0,-0.5,97.6,5.2
2024-06-20,65000.0,-0.5,97.45,5.2
2024-06-21,64234.0,-1.0,97.25,5.21
2024-06-22,64370.0,-1.0,,
2024-06-23,63292.0,-1.0,,
2024-06-24,60372.0,-1.0,97.5,5.2
2024-06-25,61878.0,-1.0,97.5,5.2
2024-06-26,60923.0,-1.0,97.25,5.22
2024-06-27,61803.0,-1.0,96.35,5.29
2024-06-28,60546.0,-1.0,96.6,5.26
2024-06-29,61087.0,-1.0,,
2024-06-30,62867.0,-1.0,,
2024-07-01,62965.0,-1.0,95.9,5.31
2024-07-02,62219.0,-1.0,94.9,5.39
2024-07-03,60314.0,-1.0,,
2024-07-04,57118.0,-1.0,94.85,5.39
2024-07-05,56759.0,-1.0,95.4,5.34
2024-07-06,58326.0,-1.0,,
2024-07-07,56050.0,-1.0,,
2024-07-08,56873.0,-1.0,96.1,5.29
2024-07-09,58205.0,-1.0,96.3,5.27
2024-07-10,57931.0,-1.0,96.2,5.28
2024-07-11,57458.0,-1.0,96.2,5.28
2024-07-12,58049.0,-1.0,96.95,5.22
2024-07-13,59382.0,-1.0,,
2024-07-14,60946.0,-0.5,,
2024-07-15,64882.0,-0.5,96.7,5.24
2024-07-16,65188.0,0.0,96.75,5.23
2024-07-17,64204.0,0.0,97.0,5.22
2024-07-18,64048.0,0.0,97.0,5.22
2024-07-19,66789.0,0.0,96.65,5.24
2024-07-20,67239.0,0.0,,
2024-07-21,68263.0,0.0,,
2024-07-22,67714.0,0.5,96.65,5.24
2024-07-23,66101.0,0.5,96.7,5.26
2024-07-24,65482.0,0.5,96.65,5.27
2024-07-25,65849.0,0.5,96.2,5.3
2024-07-26,68061.0,0.5,96.25,5.3
2024-07-27,68019.0,0.5,,
2024-07-28,68419.0,0.5,,
2024-07-29,66933.0,0.5,96.75,5.26
2024-07-30,66349.0,0.5,96.7,5.24
2024-07-31,64724.0,0.0,97.1,5.2
2024-08-01,65465.0,0.0,97.95,5.14
2024-08-02,61529.0,0.0,98.4,5.1
2024-08-03,60825.0,-0.5,,
2024-08-04,58203.0,-1.0,,
2024-08-05,54169.0,-1.0,99.3,5.03
2024-08-06,56187.0,-1.0,99.2,5.04
2024-08-07,55179.0,-1.0,98.7,5.08
2024-08-08,61801.0,-1.0,98.45,5.1
2024-08-09,60970.0,-1.0,98.45,5.1
2024-08-10,61018.0,-1.0,,
2024-08-11,58817.0,-1.0,,
2024-08-12,59440.0,-1.0,98.55,5.09
2024-08-13,60666.0,-1.0,98.85,5.07
2024-08-14,58777.0,-1.0,99.6,5.01
2024-08-15,57594.0,-1.0,100.15,4.96
2024-08-16,58996.0,-1.0,100.0,4.98
2024-08-17,59589.0,-1.0,,
2024-08-18,58543.0,-1.0,,
2024-08-19,59609.0,-1.0,100.5,4.94
2024-08-20,59172.0,-1.0,100.8,4.91
2024-08-21,61252.0,-0.5,101.45,4.86
2024-08-22,60483.0,-0.5,101.65,4.85
2024-08-23,64151.0,0.0,101.35,4.88
2024-08-24,64230.0,0.0,,
2024-08-25,64361.0,0.0,,
2024-08-26,62974.0,0.0,102.15,4.83
2024-08-27,59570.0,0.0,102.2,4.82
2024-08-28,59145.0,-1.0,101.8,4.86
2024-08-29,59542.0,-1.0,101.5,4.89
2024-08-30,59300.0,-1.0,101.05,4.92
2024-08-31,59155.0,-1.0,,
2024-09-01,57454.0,-1.0,,
2024-09-02,59308.0,-1.0,100.3,4.98
2024-09-03,57680.0,-1.0,99.9,5.01
2024-09-04,58116.0,-1.0,100.35,4.97
2024-09-05,56318.0,-1.0,101.0,4.93
2024-09-06,54133.0,-1.0,101.45,4.89
2024-09-07,54309.0,-1.0,,
2024-09-08,55016.0,-1.0,,
2024-09-09,57110.0,-1.0,101.25,4.91
2024-09-10,57758.0,-1.0,101.45,4.89
2024-09-11,57451.0,-1.0,101.85,4.86
2024-09-12,58287.0,-0.5,101.9,4.86
2024-09-13,60645.0,-0.5,102.15,4.84
2024-09-14,60139.0,-0.5,,
2024-09-15,59296.0,-0.5,,
2024-09-16,58342.0,-0.5,,
2024-09-17,60435.0,0.0,103.15,4.76
2024-09-18,61841.0,0.0,103.4,4.74
2024-09-19,63032.0,0.0,102.6,4.81
2024-09-20,63205.0,0.0,102.85,4.78
2024-09-21,63416.0,0.5,,
2024-09-22,63663.0,0.5,,
2024-09-23,63456.0,0.5,102.6,4.8
2024-09-24,64381.0,0.5,102.3,4.82
2024-09-25,63264.0,0.5,102.25,4.83
2024-09-26,65307.0,0.5,101.75,4.87
2024-09-27,65928.0,0.5,101.55,4.88
2024-09-28,66015.0,0.5,,
2024-09-29,65762.0,0.5,,
2024-09-30,63468.0,0.5,101.85,4.86
2024-10-01,60981.0,0.0,101.85,4.86
2024-10-02,60785.0,0.0,102.1,4.84
2024-10-03,60892.0,0.0,102.05,4.84
2024-10-04,62191.0,0.0,101.55,4.88
2024-10-05,62138.0,0.0,,
2024-10-06,62894.0,0.0,,
2024-10-07,62269.0,0.0,100.6,4.96
2024-10-08,62231.0,0.0,100.0,5.0
2024-10-09,60650.0,0.0,100.0,5.0
2024-10-10,60337.0,-0.5,99.8,5.02
2024-10-11,62581.0,-0.5,99.5,5.04
2024-10-12,63335.0,0.5,,
2024-10-13,62986.0,0.5,,
2024-10-14,66179.0,0.5,99.45,5.04
2024-10-15,67123.0,0.5,99.35,5.05
2024-10-16,67657.0,0.5,100.0,5.01
2024-10-17,67453.0,0.5,100.4,4.97
2024-10-18,68368.0,0.5,99.4,5.04
2024-10-19,68360.0,0.5,,
2024-10-20,69045.0,0.5,,
2024-10-21,67425.0,0.5,99.1,5.07
2024-10-22,67405.0,0.5,97.9,5.16
2024-10-23,66695.0,0.5,97.2,5.23
2024-10-24,68188.0,0.5,97.05,5.24
2024-10-25,66734.0,0.5,97.85,5.18
2024-10-26,67081.0,0.5,,
2024-10-27,68035.0,0.5,,
2024-10-28,69989.0,0.5,96.8,5.25
2024-10-29,72688.0,0.5,97.2,5.23
2024-10-30,72455.0,1.0,97.6,5.19
2024-10-31,70299.0,1.0,97.45,5.2
2024-11-01,69590.0,1.0,96.95,5.25
2024-11-02,69292.0,1.0,,
2024-11-03,68807.0,1.0,,
2024-11-04,67858.0,0.5,96.5,5.28
2024-11-05,69450.0,1.0,96.8,5.26
2024-11-06,75580.0,1.0,95.6,5.36
2024-11-07,75864.0,1.0,96.15,5.31
2024-11-08,76496.0,1.0,97.2,5.23
2024-11-09,76703.0,1.0,,
2024-11-10,80367.0,1.0,,
2024-11-11,88566.0,1.0,97.5,5.2
2024-11-12,88007.0,1.0,97.55,5.2
2024-11-13,90453.0,1.0,96.7,5.27
2024-11-14,87305.0,1.0,95.85,5.34
2024-11-15,91015.0,1.0,96.05,5.34
2024-11-16,90538.0,1.0,,
2024-11-17,89843.0,1.0,,
2024-11-18,90535.0,1.0,95.8,5.36
2024-11-19,92172.0,1.0,95.45,5.39
2024-11-20,94243.0,1.0,95.8,5.36
2024-11-21,98348.0,1.0,95.75,5.37
2024-11-22,98683.0,1.0,95.75,5.37
2024-11-23,97538.0,1.0,,
2024-11-24,97828.0,1.0,,
2024-11-25,93133.0,1.0,95.55,5.37
2024-11-26,92082.0,1.0,96.15,5.32
2024-11-27,95953.0,1.0,,
2024-11-28,95761.0,1.0,,
2024-11-29,97564.0,1.0,97.25,5.23
2024-11-30,96506.0,1.0,,
2024-12-01,97365.0,1.0,,
2024-12-02,95925.0,1.0,97.45,5.22
2024-12-03,96065.0,1.0,97.45,5.22
2024-12-04,98709.0,1.0,97.3,5.23
2024-12-05,96833.0,1.0,97.8,5.19
2024-12-06,99786.0,1.0,98.05,5.17
2024-12-07,99936.0,1.0,,
2024-12-08,101240.0,1.0,,
2024-12-09,97500.0,1.0,98.15,5.16
2024-12-10,96650.0,1.0,98.05,5.17
2024-12-11,101100.0,1.0,97.75,5.19
2024-12-12,100010.0,1.0,97.15,5.24
2024-12-13,101370.0,1.0,96.6,5.29
2024-12-14,101320.0,1.0,,
2024-12-15,104340.0,1.0,,
2024-12-16,105870.0,1.0,96.0,5.34
2024-12-17,105990.0,1.0,96.05,5.33
2024-12-18,100230.0,1.0,96.3,5.31
2024-12-19,97515.0,0.5,94.8,5.44
2024-12-20,97857.0,0.5,94.0,5.51
2024-12-21,97289.0,0.5,,
2024-12-22,95201.0,0.5,,
2024-12-23,94918.0,0.5,93.75,5.53
2024-12-24,98750.0,0.5,93.8,5.52
2024-12-25,99420.0,0.5,,
2024-12-26,95883.0,0.5,,
2024-12-27,94419.0,0.0,93.6,5.54
2024-12-28,95533.0,0.0,,
2024-12-29,93944.0,0.0,,
2024-12-30,92982.0,0.0,93.15,5.58
2024-12-31,93780.0,0.0,,
2025-01-01,94757.0,0.0,,
2025-01-02,97034.0,0.0,93.45,5.55
2025-01-03,98179.0,0.5,92.85,5.61
2025-01-04,98319.0,1.0,,
2025-01-05,98400.0,1.0,,
2025-01-06,102290.0,1.0,92.2,5.66
2025-01-07,97006.0,1.0,92.2,5.66
2025-01-08,95198.0,0.5,91.65,5.71
2025-01-09,92692.0,0.0,92.2,5.66
2025-01-10,94835.0,0.0,92.3,5.66
2025-01-11,94716.0,0.0,,
2025-01-12,94574.0,0.0,,
2025-01-13,94682.0,0.0,91.6,5.72
2025-01-14,96701.0,0.0,91.25,5.75
2025-01-15,100490.0,1.0,91.1,5.76
2025-01-16,100040.0,1.0,92.5,5.64
2025-01-17,104040.0,1.0,92.55,5.63
2025-01-18,104490.0,1.0,,
2025-01-19,101360.0,1.0,,
2025-01-20,102170.0,1.0,,
2025-01-21,106150.0,1.0,93.45,5.55
2025-01-22,103680.0,1.0,93.4,5.56
2025-01-23,103930.0,1.0,93.25,5.57
2025-01-24,104800.0,1.0,93.05,5.59
2025-01-25,104700.0,1.0,,
2025-01-26,102670.0,1.0,,
2025-01-27,102300.0,1.0,,
2025-01-28,101460.0,1.0,,
2025-01-29,103780.0,1.0,,
2025-01-30,104740.0,1.0,93.85,5.52
2025-01-31,102470.0,1.0,93.8,5.52
2025-02-01,100700.0,0.5,,
2025-02-02,97600.0,0.5,,
2025-02-03,101270.0,0.5,93.55,5.55
2025-02-04,97798.0,0.0,93.4,5.56
2025-02-05,96614.0,0.0,94.05,5.5
2025-02-06,96678.0,0.0,95.0,5.42
2025-02-07,96579.0,0.0,95.0,5.42
2025-02-08,96582.0,0.0,,
2025-02-09,96615.0,0.0,,
2025-02-10,97550.0,0.0,94.5,5.46
2025-02-11,95950.0,0.0,94.45,5.47
2025-02-12,98007.0,0.0,94.0,5.51
2025-02-13,96802.0,0.0,93.15,5.58
2025-02-14,97489.0,0.0,93.9,5.52
2025-02-15,97574.0,-0.5,,
2025-02-16,96264.0,-0.5,,
2025-02-17,95955.0,-0.5,,
2025-02-18,95828.0,-0.5,94.4,5.47
2025-02-19,96801.0,-1.0,93.85,5.52
2025-02-20,98433.0,-0.5,93.95,5.51
2025-02-21,96345.0,-1.0,94.2,5.49
2025-02-22,96721.0,-1.0,,
2025-02-23,96450.0,-1.0,,
2025-02-24,91901.0,-1.0,94.7,5.45
2025-02-25,88923.0,-1.0,95.0,5.42
2025-02-26,84470.0,-1.0,95.25,5.4
2025-02-27,85021.0,-1.0,95.65,5.37
2025-02-28,84672.0,-1.0,95.85,5.35
2025-03-01,86382.0,-1.0,,
2025-03-02,94487.0,-1.0,,
2025-03-03,86475.0,-1.0,95.85,5.35
2025-03-04,87472.0,-1.0,96.55,5.29
2025-03-05,90848.0,-1.0,95.95,5.34
2025-03-06,90120.0,-1.0,95.3,5.4
2025-03-07,87014.0,-1.0,95.55,5.38
2025-03-08,86493.0,-1.0,,
2025-03-09,80893.0,-1.0,,
2025-03-10,78734.0,-1.0,95.4,5.39
2025-03-11,83142.0,-1.0,95.45,5.38
2025-03-12,83856.0,-1.0,94.95,5.43
2025-03-13,81289.0,-1.0,94.7,5.45
2025-03-14,84207.0,-1.0,94.4,5.47
2025-03-15,84536.0,-1.0,,
2025-03-16,82759.0,-1.0,,
2025-03-17,84240.0,-1.0,94.2,5.49
2025-03-18,82942.0,-1.0,94.15,5.5
2025-03-19,87029.0,-0.5,93.7,5.53
2025-03-20,84296.0,-1.0,94.65,5.45
2025-03-21,84144.0,-1.0,94.55,5.46
2025-03-22,83919.0,-1.0,,
2025-03-23,86251.0,-0.5,,
2025-03-24,87614.0,-0.5,93.3,5.57
2025-03-25,87641.0,-0.5,92.85,5.61
2025-03-26,87089.0,-0.5,92.5,5.64
2025-03-27,87317.0,-0.5,92.3,5.66
2025-03-28,84573.0,-0.5,,
2025-03-29,82861.0,-1.0,,
2025-03-30,82553.0,-1.0,,
2025-03-31,82673.0,-1.0,,
2025-04-01,85197.0,-1.0,,
2025-04-02,82493.0,-1.0,,
2025-04-03,83191.0,-1.0,,
2025-04-04,83841.0,-1.0,,
2025-04-05,83598.0,-1.0,,
2025-04-06,78441.0,-1.0,,
2025-04-07,79181.0,-1.0,,
2025-04-08,76332.0,-1.0,90.95,5.78
2025-04-09,82542.0,-1.0,87.45,6.1
2025-04-10,79553.0,-1.0,90.1,5.86
2025-04-11,83372.0,-1.0,88.25,6.03
2025-04-12,85259.0,-0.5,,
2025-04-13,83683.0,-0.5,,
2025-04-14,84544.0,-0.5,88.45,6.01
2025-04-15,83667.0,-0.5,89.95,5.87
2025-04-16,84021.0,-0.5,89.85,5.88
2025-04-17,84827.0,-0.5,90.2,5.85
2025-04-18,84363.0,0.0,,
2025-04-19,84934.0,0.0,,
2025-04-20,85019.0,0.0,,
2025-04-21,87473.0,0.0,90.1,5.86
2025-04-22,93303.0,0.0,89.65,5.9
2025-04-23,93639.0,0.0,90.85,5.79
2025-04-24,93940.0,0.5,91.25,5.75
2025-04-25,94702.0,0.5,92.3,5.66
2025-04-26,94693.0,0.5,,
2025-04-27,93784.0,0.5,,
2025-04-28,95046.0,0.5,92.85,5.61
2025-04-29,94451.0,0.5,93.1,5.59
2025-04-30,94309.0,0.5,93.4,5.56
2025-05-01,96467.0,0.5,,
2025-05-02,96887.0,0.5,92.55,5.64
2025-05-03,96065.0,0.5,,
2025-05-04,94704.0,0.5,,
2025-05-05,94990.0,0.5,92.15,5.67
2025-05-06,96933.0,0.5,91.35,5.74
2025-05-07,97119.0,0.5,92.05,5.68
2025-05-08,103250.0,0.5,93.15,5.58
2025-05-09,102940.0,0.5,92.95,5.6
2025-05-10,104680.0,0.5,,
2025-05-11,104090.0,0.5,,
2025-05-12,102860.0,0.5,,
2025-05-13,104160.0,0.5,,
2025-05-14,103550.0,0.5,92.3,5.66
2025-05-15,103700.0,1.0,91.9,5.7
2025-05-16,103450.0,1.0,93.35,5.57
2025-05-17,103140.0,1.0,,
2025-05-18,106510.0,1.0,,
2025-05-19,105500.0,1.0,92.2,5.67
2025-05-20,106710.0,1.0,92.5,5.64
2025-05-21,109630.0,1.0,92.25,5.66
2025-05-22,111640.0,1.0,91.1,5.77
2025-05-23,107210.0,1.0,91.65,5.72
2025-05-24,107540.0,1.0,,
2025-05-25,108890.0,1.0,,
2025-05-26,109390.0,1.0,,
2025-05-27,108850.0,1.0,92.35,5.66
2025-05-28,107760.0,1.0,92.55,5.64
2025-05-29,105580.0,1.0,,
2025-05-30,104030.0,0.5,,
2025-05-31,104660.0,0.5,,
2025-06-01,105620.0,0.5,,
2025-06-02,105880.0,0.5,92.9,5.61
2025-06-03,105400.0,0.5,92.85,5.61
2025-06-04,104580.0,0.5,92.9,5.61
2025-06-05,101670.0,0.5,93.6,5.55
2025-06-06,104450.0,0.5,,
2025-06-07,105680.0,0.5,,
2025-06-08,105830.0,1.0,,
2025-06-09,110300.0,1.0,,
2025-06-10,110180.0,1.0,93.45,5.56
2025-06-11,108610.0,1.0,93.75,5.53
2025-06-12,105780.0,1.0,94.2,5.49
2025-06-13,106090.0,1.0,94.95,5.43
2025-06-14,105600.0,0.5,,
2025-06-15,105740.0,0.5,,
2025-06-16,106800.0,0.5,94.0,5.51
2025-06-17,104770.0,0.5,93.7,5.54
2025-06-18,105040.0,0.5,93.85,5.53
2025-06-19,104780.0,0.5,,
2025-06-20,103380.0,0.0,94.0,5.51
2025-06-21,102200.0,0.0,,
2025-06-22,101200.0,0.0,,
2025-06-23,105520.0,0.0,93.95,5.52
2025-06-24,106040.0,0.5,94.3,5.49
2025-06-25,107340.0,1.0,94.7,5.45
2025-06-26,106950.0,1.0,94.85,5.44
2025-06-27,107100.0,1.0,,
2025-06-28,107340.0,1.0,,
2025-06-29,108370.0,1.0,,
2025-06-30,107250.0,1.0,94.95,5.43
2025-07-01,105920.0,1.0,95.7,5.37
2025-07-02,108980.0,1.0,96.15,5.33
2025-07-03,109760.0,1.0,96.3,5.32
2025-07-04,108200.0,1.0,,
2025-07-05,108330.0,1.0,,
2025-07-06,109380.0,1.0,,
2025-07-07,108420.0,1.0,96.0,5.34
2025-07-08,109060.0,1.0,95.4,5.39
2025-07-09,111380.0,1.0,94.95,5.43
2025-07-10,115950.0,1.0,95.45,5.39
2025-07-11,117410.0,1.0,95.2,5.41
2025-07-12,117280.0,1.0,,
2025-07-13,118940.0,1.0,,
2025-07-14,119840.0,1.0,94.55,5.47
2025-07-15,117830.0,1.0,94.6,5.46
2025-07-16,118710.0,1.0,94.4,5.48
2025-07-17,119250.0,1.0,94.35,5.48
2025-07-18,118000.0,1.0,94.7,5.45
2025-07-19,117900.0,1.0,,
2025-07-20,117240.0,1.0,,
2025-07-21,117460.0,1.0,94.7,5.45
2025-07-22,119970.0,1.0,95.15,5.41
2025-07-23,118900.0,1.0,95.45,5.39
2025-07-24,118380.0,1.0,95.15,5.41
2025-07-25,117700.0,1.0,95.45,5.39
2025-07-26,118030.0,1.0,,
2025-07-27,119590.0,1.0,,
2025-07-28,118180.0,1.0,95.55,5.38
2025-07-29,118110.0,1.0,95.45,5.39
2025-07-30,118050.0,1.0,96.25,5.32
2025-07-31,115970.0,0.5,96.1,5.33
2025-08-01,113500.0,0.5,95.85,5.35
2025-08-02,112810.0,0.5,,
2025-08-03,114380.0,0.5,,
2025-08-04,115200.0,0.5,96.15,5.33
2025-08-05,114200.0,0.0,96.7,5.28
2025-08-06,115160.0,0.0,96.55,5.29
2025-08-07,117580.0,1.0,96.45,5.3
2025-08-08,116790.0,1.0,96.5,5.3
2025-08-09,116550.0,1.0,,
2025-08-10,119370.0,1.0,,
2025-08-11,118850.0,1.0,96.6,5.29
2025-08-12,120110.0,1.0,96.65,5.29
2025-08-13,122880.0,1.0,96.85,5.27
2025-08-14,118410.0,1.0,97.65,5.2
2025-08-15,117520.0,1.0,97.3,5.23
2025-08-16,117590.0,1.0,,
2025-08-17,117540.0,0.5,,
2025-08-18,116390.0,0.5,,
2025-08-19,113030.0,0.0,96.95,5.26
2025-08-20,114500.0,0.0,97.1,5.25
2025-08-21,112740.0,0.0,96.95,5.26
2025-08-22,117000.0,0.0,96.7,5.28
2025-08-23,115570.0,0.0,,
2025-08-24,113700.0,0.0,,
2025-08-25,110370.0,0.0,97.2,5.24
2025-08-26,112000.0,-0.5,97.0,5.26
2025-08-27,111470.0,-1.0,96.6,5.29
2025-08-28,112740.0,-1.0,96.55,5.29
2025-08-29,108530.0,-1.0,96.85,5.27
2025-08-30,109000.0,-1.0,,
2025-08-31,108380.0,-1.0,,
2025-09-01,109410.0,-1.0,,
2025-09-02,111350.0,-1.0,95.95,5.35
2025-09-03,111890.0,-1.0,95.35,5.4
2025-09-04,110880.0,-1.0,96.2,5.32
2025-09-05,110600.0,-1.0,,
2025-09-06,110230.0,-1.0,,
2025-09-07,111220.0,-1.0,,
2025-09-08,112050.0,-1.0,97.75,5.19
2025-09-09,111540.0,-0.5,97.3,5.23
2025-09-10,113900.0,-0.5,97.55,5.21
2025-09-11,115400.0,-0.5,98.0,5.17
2025-09-12,116030.0,0.0,98.95,5.1
2025-09-13,115910.0,0.0,,
2025-09-14,115590.0,0.0,,
2025-09-15,115580.0,0.5,98.8,5.11
2025-09-16,116840.0,0.5,99.05,5.09
2025-09-17,116500.0,0.5,98.8,5.11
2025-09-18,117090.0,0.5,98.7,5.12
2025-09-19,115830.0,0.5,98.55,5.13
2025-09-20,115840.0,0.5,,
2025-09-21,115460.0,0.5,,
2025-09-22,112810.0,0.0,97.9,5.18
2025-09-23,112250.0,0.0,97.75,5.19
2025-09-24,113520.0,0.0,98.1,5.17
2025-09-25,109180.0,-1.0,98.05,5.17
2025-09-26,109930.0,-1.0,97.75,5.19
2025-09-27,109940.0,-1.0,,
2025-09-28,112370.0,-1.0,,
2025-09-29,114580.0,-1.0,97.85,5.19
2025-09-30,114020.0,-0.5,98.1,5.17
2025-10-01,118670.0,0.0,98.0,5.17
2025-10-02,120570.0,0.5,98.25,5.15
2025-10-03,122160.0,0.5,98.4,5.14
2025-10-04,122350.0,0.5,,
2025-10-05,123480.0,0.5,,
2025-10-06,124720.0,0.5,98.1,5.17
2025-10-07,121480.0,0.5,98.15,5.16
2025-10-08,123410.0,0.5,98.15,5.16
2025-10-09,121760.0,0.5,98.35,5.14
2025-10-10,113170.0,0.0,98.25,5.15
2025-10-11,110980.0,0.0,,
2025-10-12,115230.0,0.0,,
2025-10-13,115390.0,-0.5,,
2025-10-14,113270.0,-0.5,98.6,5.12
2025-10-15,110920.0,-0.5,98.4,5.14
2025-10-16,108400.0,-1.0,98.65,5.12
2025-10-17,106700.0,-1.0,99.1,5.08
2025-10-18,107410.0,-1.0,,
2025-10-19,108840.0,-1.0,,
2025-10-20,110760.0,-1.0,99.1,5.08
2025-10-21,108610.0,-1.0,99.25,5.07
2025-10-22,107720.0,-1.0,99.75,5.03
2025-10-23,110150.0,-1.0,100.05,5.01
2025-10-24,111110.0,-1.0,99.8,5.03
2025-10-25,111650.0,-1.0,,
2025-10-26,114460.0,-0.5,,
2025-10-27,114150.0,-0.5,99.75,5.03
2025-10-28,113000.0,-0.5,100.3,4.99
2025-10-29,110250.0,-1.0,100.05,5.01
2025-10-30,108500.0,-1.0,99.6,5.04
2025-10-31,109820.0,-1.0,99.4,5.06
2025-11-01,110290.0,-1.0,,
2025-11-02,110720.0,-1.0,,
2025-11-03,106770.0,-1.0,99.5,5.05
2025-11-04,101630.0,-1.0,99.2,5.08
2025-11-05,103940.0,-1.0,99.1,5.08
2025-11-06,101400.0,-1.0,98.8,5.11
2025-11-07,103390.0,-1.0,98.95,5.1
2025-11-08,102480.0,-1.0,,
2025-11-09,104780.0,-1.0,,
2025-11-10,106010.0,-1.0,98.85,5.1
2025-11-11,103190.0,-1.0,,
2025-11-12,101750.0,-1.0,98.95,5.1
2025-11-13,99855.0,-1.0,99.0,5.09
2025-11-14,94750.0,-1.0,98.9,5.1
2025-11-15,95672.0,-1.0,,
2025-11-16,94601.0,-1.0,,
2025-11-17,92553.0,-1.0,98.55,5.13
2025-11-18,93200.0,-1.0,98.35,5.15
2025-11-19,91648.0,-1.0,98.25,5.15
2025-11-20,86773.0,-1.0,98.2,5.16
2025-11-21,85355.0,-1.0,98.3,5.15
2025-11-22,84890.0,-1.0,,
2025-11-23,87028.0,-1.0,,
2025-11-24,88471.0,-1.0,98.35,5.15
2025-11-25,87519.0,-1.0,98.45,5.14
2025-11-26,90585.0,-1.0,98.55,5.13
2025-11-27,91385.0,-1.0,,
2025-11-28,91030.0,-1.0,98.7,5.12
2025-11-29,90934.0,-1.0,,
2025-11-30,90413.0,-1.0,,
2025-12-01,86473.0,-1.0,98.7,5.12
2025-12-02,91381.0,-1.0,98.1,5.17
2025-12-03,93457.0,-0.5,98.2,5.16
2025-12-04,92135.0,-0.5,98.45,5.14
2025-12-05,89390.0,-1.0,98.45,5.14
2025-12-06,89276.0,-1.0,,
2025-12-07,90500.0,-1.0,,
2025-12-08,90668.0,-1.0,98.25,5.15
2025-12-09,92760.0,-0.5,98.2,5.16
2025-12-10,92023.0,-0.5,98.1,5.17
2025-12-11,92514.0,-0.5,98.8,5.11
2025-12-12,90302.0,-0.5,98.5,5.13
2025-12-13,90327.0,-1.0,,
2025-12-14,88181.0,-1.0,,
2025-12-15,86535.0,-1.0,98.35,5.15
2025-12-16,87950.0,-1.0,98.35,5.15
2025-12-17,86409.0,-1.0,98.35,5.15
2025-12-18,85670.0,-1.0,98.45,5.14
2025-12-19,88241.0,-1.0,98.6,5.12
2025-12-20,88463.0,-1.0,,
2025-12-21,88715.0,-1.0,,
2025-12-22,88607.0,-1.0,98.55,5.13
2025-12-23,87514.0,-1.0,98.6,5.12
2025-12-24,87692.0,-1.0,,
2025-12-25,87279.0,-1.0,,
2025-12-26,87465.0,-1.0,,
2025-12-27,87945.0,-1.0,,
2025-12-28,87976.0,-1.0,,
2025-12-29,87241.0,-1.0,98.6,5.12
2025-12-30,88556.0,-1.0,98.7,5.12
2025-12-31,87711.0,-1.0,,
2026-01-01,88876.0,-0.5,,
2026-01-02,89993.0,-0.5,98.25,5.15
2026-01-03,90604.0,-0.5,,
2026-01-04,91468.0,0.0,,
2026-01-05,93744.0,0.0,98.15,5.16
2026-01-06,93612.0,0.0,97.95,5.18
2026-01-07,91349.0,0.0,97.9,5.18
2026-01-08,91086.0,0.0,97.9,5.18
2026-01-09,90630.0,0.0,97.9,5.18
2026-01-10,90519.0,0.0,,
2026-01-11,90927.0,0.0,,
2026-01-12,91239.0,0.0,97.7,5.2
2026-01-13,95281.0,0.0,97.5,5.22
2026-01-14,96804.0,0.0,97.45,5.22
2026-01-15,95509.0,0.0,97.65,5.2
2026-01-16,95510.0,0.0,,
2026-01-17,95114.0,0.5,,
2026-01-18,93677.0,0.5,,
2026-01-19,92607.0,0.5,,
2026-01-20,88431.0,-0.5,96.9,5.27
2026-01-21,89490.0,-0.5,96.6,5.29
2026-01-22,89578.0,-1.0,97.0,5.26
2026-01-23,89629.0,-1.0,97.1,5.25
2026-01-24,89200.0,-1.0,,
2026-01-25,86628.0,-1.0,,
2026-01-26,88495.0,-1.0,97.1,5.25
2026-01-27,89253.0,-1.0,97.3,5.23
2026-01-28,89285.0,-1.0,97.3,5.23
2026-01-29,84719.0,-1.0,97.25,5.24
2026-01-30,84230.0,-1.0,96.9,5.27
2026-01-31,78816.0,-1.0,,
2026-02-01,77013.0,-1.0,,
2026-02-02,78848.0,-1.0,96.5,5.3
2026-02-03,78559.0,-1.0,96.25,5.32
