Tanggal,Price,Trend_Indicator
2015-06-29,256.7,0.5
2015-06-30,262.9,0.5
2015-07-01,258.1,0.5
2015-07-02,254.5,0.5
2015-07-03,256.0,0.5
2015-07-04,260.6,0.5
2015-07-05,265.2,0.5
2015-07-06,274.8,0.5
2015-07-07,265.5,0.5
2015-07-08,270.8,0.5
2015-07-09,269.2,0.5
2015-07-10,286.7,0.5
2015-07-12,311.1,1.0
2015-07-13,292.6,1.0
2015-07-14,286.9,1.0
2015-07-15,285.4,1.0
2015-07-16,278.9,1.0
2015-07-17,279.9,1.0
2015-07-18,277.3,1.0
2015-07-19,275.0,1.0
2015-07-20,280.3,1.0
2015-07-21,275.8,1.0
2015-07-22,278.0,1.0
2015-07-23,276.5,1.0
2015-07-24,288.6,1.0
2015-07-25,289.4,1.0
2015-07-26,293.0,1.0
2015-07-27,294.8,1.0
2015-07-28,295.2,1.0
2015-07-29,289.9,1.0
2015-07-30,288.2,1.0
2015-07-31,284.5,1.0
2015-08-01,280.3,0.5
2015-08-02,282.5,0.5
2015-08-03,281.3,0.5
2015-08-04,285.5,0.5
2015-08-05,282.6,0.5
2015-08-06,279.1,0.5
2015-08-07,280.1,0.5
2015-08-08,261.3,0.0
2015-08-09,265.6,0.0
2015-08-10,265.1,0.0
2015-08-11,272.0,0.0
2015-08-12,267.1,0.0
2015-08-13,264.5,0.0
2015-08-14,266.1,0.0
2015-08-15,262.1,0.0
2015-08-16,259.9,-0.5
2015-08-17,258.5,-1.0
2015-08-18,183.0,-1.0
2015-08-19,226.2,-1.0
2015-08-20,235.5,-1.0
2015-08-21,232.2,-1.0
2015-08-22,230.3,-1.0
2015-08-23,228.5,-1.0
2015-08-24,210.5,-1.0
2015-08-25,222.7,-1.0
2015-08-26,226.2,-1.0
2015-08-27,225.8,-1.0
2015-08-28,231.8,-1.0
2015-08-29,230.8,-1.0
2015-08-30,230.0,-1.0
2015-08-31,231.4,-1.0
2015-09-01,228.2,-1.0
2015-09-02,229.7,-1.0
2015-09-03,227.3,-1.0
2015-09-04,230.9,-1.0
2015-09-05,235.8,-0.5
2015-09-06,241.0,-0.5
2015-09-07,240.9,-0.5
2015-09-08,244.2,-0.5
2015-09-09,238.9,-0.5
2015-09-10,239.5,-0.5
2015-09-11,240.6,-0.5
2015-09-12,235.8,-0.5
2015-09-13,231.0,-1.0
2015-09-14,230.9,-1.0
2015-09-15,230.9,-1.0
2015-09-16,229.0,-1.0
2015-09-17,233.6,-1.0
2015-09-18,233.8,-1.0
2015-09-19,232.1,-1.0
2015-09-20,232.1,-1.0
2015-09-21,227.2,-1.0
2015-09-22,231.3,-1.0
2015-09-23,230.5,-1.0
2015-09-24,234.6,-0.5
2015-09-25,235.3,-0.5
2015-09-26,234.6,-0.5
2015-09-27,233.4,-0.5
2015-09-28,240.4,-0.5
2015-09-29,236.8,0.0
2015-09-30,236.5,0.0
2015-10-01,238.5,0.0
2015-10-02,237.9,0.0
2015-10-03,239.8,0.0
2015-10-04,239.5,0.0
2015-10-05,242.0,0.0
2015-10-06,247.4,0.0
2015-10-07,244.2,0.0
2015-10-08,243.0,0.0
2015-10-09,244.8,0.0
2015-10-10,246.0,0.0
2015-10-11,247.9,0.5
2015-10-12,246.1,0.5
2015-10-13,251.3,0.5
2015-10-14,253.5,0.5
2015-10-15,255.2,0.5
2015-10-16,263.5,0.5
2015-10-17,272.9,0.5
2015-10-18,265.0,0.5
2015-10-19,265.0,0.5
2015-10-20,271.0,0.5
2015-10-21,267.8,0.5
2015-10-22,275.8,0.5
2015-10-23,279.2,0.5
2015-10-24,284.2,0.5
2015-10-25,284.8,0.5
2015-10-26,287.2,0.5
2015-10-27,295.2,0.5
2015-10-28,304.5,1.0
2015-10-29,314.9,1.0
2015-10-30,328.2,1.0
2015-10-31,316.0,1.0
2015-11-01,330.7,1.0
2015-11-02,365.0,1.0
2015-11-03,405.3,1.0
2015-11-04,409.2,1.0
2015-11-05,388.0,1.0
2015-11-06,375.6,1.0
2015-11-07,384.6,1.0
2015-11-08,374.0,1.0
2015-11-09,381.0,1.0
2015-11-10,340.2,1.0
2015-11-11,314.0,0.5
2015-11-12,336.6,0.5
2015-11-13,338.5,0.5
2015-11-14,333.4,0.5
2015-11-15,321.1,0.5
2015-11-16,332.1,0.5
2015-11-17,336.3,0.5
2015-11-18,336.0,0.5
2015-11-19,326.5,0.5
2015-11-20,322.2,0.5
2015-11-21,327.5,0.5
2015-11-22,324.7,0.5
2015-11-23,323.6,0.5
2015-11-24,320.1,0.0
2015-11-25,329.9,0.5
2015-11-26,354.0,1.0
2015-11-27,358.9,1.0
2015-11-28,358.7,1.0
2015-11-29,373.3,1.0
2015-11-30,376.9,1.0
2015-12-01,362.7,1.0
2015-12-02,359.1,1.0
2015-12-03,360.7,1.0
2015-12-04,363.2,1.0
2015-12-05,390.0,1.0
2015-12-06,390.6,1.0
2015-12-07,396.7,1.0
2015-12-08,420.8,1.0
2015-12-09,418.7,1.0
2015-12-10,414.9,1.0
2015-12-11,456.3,1.0
2015-12-12,435.7,1.0
2015-12-13,433.0,1.0
2015-12-14,442.6,1.0
2015-12-15,466.5,1.0
2015-12-16,455.0,1.0
2015-12-17,455.8,1.0
2015-12-18,463.5,1.0
2015-12-19,462.5,1.0
2015-12-20,442.6,1.0
2015-12-21,437.9,1.0
2015-12-22,435.6,1.0
2015-12-23,442.6,1.0
2015-12-24,456.1,1.0
2015-12-25,455.5,1.0
2015-12-26,416.5,0.5
2015-12-27,422.4,0.5
2015-12-28,420.2,0.5
2015-12-29,431.9,0.5
2015-12-30,424.7,0.5
2015-12-31,429.0,0.5
2016-01-01,434.0,0.5
2016-01-02,432.7,0.5
2016-01-03,428.7,0.5
2016-01-04,432.9,0.5
2016-01-05,431.8,0.5
2016-01-06,428.0,0.5
2016-01-07,459.0,1.0
2016-01-08,454.0,1.0
2016-01-09,449.2,1.0
2016-01-10,449.4,1.0
2016-01-11,449.3,1.0
2016-01-12,432.0,1.0
2016-01-13,431.1,0.5
2016-01-14,429.3,0.5
2016-01-15,358.9,0.0
2016-01-16,388.4,0.0
2016-01-17,382.1,0.0
2016-01-18,387.0,0.0
2016-01-19,379.0,0.0
2016-01-20,419.4,0.0
2016-01-21,411.0,0.0
2016-01-22,381.0,0.0
2016-01-23,385.6,-0.5
2016-01-24,402.8,-0.5
2016-01-25,391.0,-0.5
2016-01-26,391.3,-0.5
2016-01-27,395.0,-0.5
2016-01-28,378.4,-0.5
2016-01-29,377.6,-0.5
2016-01-30,377.0,-0.5
2016-01-31,365.5,-0.5
2016-02-01,371.4,-0.5
2016-02-02,372.9,-0.5
2016-02-03,369.0,-1.0
2016-02-04,389.8,-1.0
2016-02-05,386.5,-1.0
2016-02-06,373.8,-1.0
2016-02-07,372.0,-1.0
2016-02-08,370.5,-1.0
2016-02-09,374.0,-1.0
2016-02-10,380.9,-1.0
2016-02-11,378.0,-1.0
2016-02-12,383.0,-0.5
2016-02-13,393.0,-0.5
2016-02-14,408.3,-0.5
2016-02-15,399.9,0.0
2016-02-16,407.3,0.0
2016-02-17,414.9,0.0
2016-02-18,421.5,0.5
2016-02-19,420.0,0.5
2016-02-20,438.7,0.5
2016-02-21,440.5,0.5
2016-02-22,440.3,0.5
2016-02-23,421.1,1.0
2016-02-24,426.4,1.0
2016-02-25,424.9,1.0
2016-02-26,435.3,1.0
2016-02-27,434.2,1.0
2016-02-28,434.5,1.0
2016-02-29,439.2,1.0
2016-03-01,434.8,1.0
2016-03-02,422.2,1.0
2016-03-03,420.6,0.5
2016-03-04,408.8,0.5
2016-03-05,397.4,0.5
2016-03-06,403.9,0.0
2016-03-07,412.7,-0.5
2016-03-08,411.4,-0.5
2016-03-09,412.9,-0.5
2016-03-10,416.5,-0.5
2016-03-11,420.5,0.5
2016-03-12,410.0,-0.5
2016-03-13,411.8,-0.5
2016-03-14,416.0,-0.5
2016-03-15,415.5,0.0
2016-03-16,417.3,0.5
2016-03-17,418.8,0.5
2016-03-18,407.7,-0.5
2016-03-19,408.4,-0.5
2016-03-20,411.3,-0.5
2016-03-21,411.9,-0.5
2016-03-22,417.7,0.0
2016-03-23,418.1,0.5
2016-03-24,415.3,0.5
2016-03-25,416.0,0.5
2016-03-26,416.7,0.5
2016-03-27,427.4,0.5
2016-03-28,424.1,0.5
2016-03-29,415.8,0.5
2016-03-30,413.2,0.0
2016-03-31,416.0,0.0
2016-04-01,417.6,0.5
2016-04-02,420.3,0.5
2016-04-03,420.6,0.5
2016-04-04,420.5,0.5
2016-04-05,423.8,0.5
2016-04-06,422.6,0.5
2016-04-07,422.3,0.5
2016-04-08,418.5,0.5
2016-04-09,418.5,0.5
2016-04-10,421.3,0.5
2016-04-11,423.7,0.5
2016-04-12,426.6,0.5
2016-04-13,424.8,0.5
2016-04-14,426.0,0.5
2016-04-15,431.5,0.5
2016-04-16,432.0,0.5
2016-04-17,428.5,0.5
2016-04-18,430.0,0.5
2016-04-19,437.8,0.5
2016-04-20,444.0,0.5
2016-04-21,452.0,0.5
2016-04-22,447.8,0.5
2016-04-23,453.7,0.5
2016-04-24,463.0,0.5
2016-04-25,461.8,0.5
2016-04-26,468.1,0.5
2016-04-27,445.1,0.5
2016-04-28,450.5,0.5
2016-04-29,455.3,0.5
2016-04-30,446.6,0.5
2016-05-01,451.1,0.5
2016-05-02,443.7,0.0
2016-05-03,450.4,0.5
2016-05-04,447.4,0.5
2016-05-05,448.4,0.5
2016-05-06,461.2,0.5
2016-05-07,460.2,0.5
2016-05-08,459.9,0.5
2016-05-09,461.6,1.0
2016-05-10,450.7,0.5
2016-05-11,452.3,0.5
2016-05-12,455.0,0.5
2016-05-13,455.8,0.5
2016-05-14,455.8,0.5
2016-05-15,457.9,0.5
2016-05-16,453.0,0.5
2016-05-17,453.2,0.0
2016-05-18,453.5,0.0
2016-05-19,435.0,0.0
2016-05-20,441.6,-0.5
2016-05-21,440.8,-0.5
2016-05-22,437.5,-0.5
2016-05-23,443.7,-0.5
2016-05-24,445.0,-0.5
2016-05-25,449.1,-0.5
2016-05-26,454.0,0.0
2016-05-27,472.0,0.5
2016-05-28,527.0,0.5
2016-05-29,531.0,1.0
2016-05-30,532.9,1.0
2016-05-31,530.7,1.0
2016-06-01,536.8,1.0
2016-06-02,538.8,1.0
2016-06-03,570.9,1.0
2016-06-04,572.7,1.0
2016-06-05,574.0,1.0
2016-06-06,585.2,1.0
2016-06-07,576.9,1.0
2016-06-08,583.0,1.0
2016-06-09,575.5,1.0
2016-06-10,580.1,1.0
2016-06-11,614.5,1.0
2016-06-12,671.0,1.0
2016-06-13,705.9,1.0
2016-06-14,684.5,1.0
2016-06-15,696.9,1.0
2016-06-16,769.5,1.0
2016-06-17,748.7,1.0
2016-06-18,757.6,1.0
2016-06-19,767.3,1.0
2016-06-20,743.9,1.0
2016-06-21,668.9,1.0
2016-06-22,606.0,0.5
2016-06-23,625.8,0.5
2016-06-24,666.0,0.5
2016-06-25,664.9,0.5
2016-06-26,627.4,0.5
2016-06-27,662.2,0.5
2016-06-28,646.3,0.5
2016-06-29,639.7,0.5
2016-06-30,674.7,1.0
2016-07-01,674.8,1.0
2016-07-02,705.0,1.0
2016-07-03,659.3,1.0
2016-07-04,681.3,1.0
2016-07-05,667.8,1.0
2016-07-06,677.0,1.0
2016-07-07,640.5,0.5
2016-07-08,664.8,0.5
2016-07-09,648.1,0.5
2016-07-10,649.7,0.5
2016-07-11,648.0,0.5
2016-07-12,667.2,0.5
2016-07-13,653.7,0.5
2016-07-14,659.8,0.5
2016-07-15,665.5,1.0
2016-07-16,665.3,1.0
2016-07-17,683.2,1.0
2016-07-18,674.3,1.0
2016-07-19,675.0,1.0
2016-07-20,665.8,1.0
2016-07-21,665.0,1.0
2016-07-22,648.0,0.5
2016-07-23,654.0,0.5
2016-07-24,661.8,0.5
2016-07-25,654.2,0.5
2016-07-26,648.5,0.0
2016-07-27,654.5,0.0
2016-07-29,658.3,0.0
2016-07-30,655.0,0.0
2016-07-31,623.7,0.0
2016-08-01,608.0,0.0
2016-08-02,604.0,0.0
2016-08-03,604.1,0.0
2016-08-04,604.1,0.0
2016-08-05,604.1,-0.5
2016-08-06,604.1,-0.5
2016-08-07,604.1,-0.5
2016-08-08,604.1,-0.5
2016-08-09,604.1,-0.5
2016-08-10,590.3,-0.5
2016-08-11,591.3,-0.5
2016-08-12,585.5,-0.5
2016-08-13,583.7,-0.5
2016-08-14,569.4,-1.0
2016-08-15,564.6,-1.0
2016-08-16,574.2,-1.0
2016-08-17,571.8,-1.0
2016-08-18,572.2,-1.0
2016-08-19,573.5,-1.0
2016-08-20,582.0,-1.0
2016-08-21,581.4,-1.0
2016-08-22,588.0,-1.0
2016-08-23,583.5,-1.0
2016-08-24,580.3,-1.0
2016-08-25,577.2,-1.0
2016-08-26,578.0,-1.0
2016-08-27,568.5,-1.0
2016-08-28,574.2,-1.0
2016-08-29,574.8,-1.0
2016-08-30,579.5,-1.0
2016-08-31,576.2,-1.0
2016-09-01,572.7,-1.0
2016-09-02,579.8,-1.0
2016-09-03,609.9,-0.5
2016-09-04,614.5,0.0
2016-09-05,611.5,0.0
2016-09-06,615.2,0.0
2016-09-07,619.8,0.0
2016-09-08,631.7,0.0
2016-09-09,626.3,0.5
2016-09-10,628.0,0.5
2016-09-11,612.1,0.5
2016-09-12,611.6,0.5
2016-09-13,614.2,0.5
2016-09-14,613.9,0.5
2016-09-15,611.8,0.5
2016-09-16,610.0,0.5
2016-09-17,607.7,0.0
2016-09-18,613.0,0.5
2016-09-19,609.8,0.5
2016-09-20,600.0,0.0
2016-09-21,597.4,0.0
2016-09-22,597.1,-1.0
2016-09-23,603.3,-1.0
2016-09-24,602.5,-1.0
2016-09-25,600.4,-1.0
2016-09-26,609.1,-1.0
2016-09-27,605.5,-0.5
2016-09-28,603.8,-1.0
2016-09-29,604.6,-1.0
2016-09-30,611.1,0.0
2016-10-01,614.1,0.0
2016-10-02,609.1,0.5
2016-10-03,612.6,0.5
2016-10-04,611.0,0.5
2016-10-05,614.1,0.5
2016-10-06,613.5,0.5
2016-10-07,620.1,0.5
2016-10-08,620.5,0.5
2016-10-09,616.6,0.5
2016-10-10,618.9,0.5
2016-10-11,641.7,0.5
2016-10-12,637.6,0.5
2016-10-13,637.0,0.5
2016-10-14,643.0,0.5
2016-10-15,640.2,0.5
2016-10-16,644.2,0.5
2016-10-17,639.8,0.5
2016-10-18,638.8,0.5
2016-10-19,631.8,0.5
2016-10-20,632.5,0.5
2016-10-21,636.7,0.5
2016-10-22,665.0,0.5
2016-10-23,659.0,0.5
2016-10-24,654.7,0.5
2016-10-25,659.5,0.5
2016-10-26,678.7,0.5
2016-10-27,688.7,0.5
2016-10-28,693.5,0.5
2016-10-29,714.5,0.5
2016-10-30,702.5,0.5
2016-10-31,704.1,1.0
2016-11-01,734.2,1.0
2016-11-02,737.9,1.0
2016-11-03,690.1,1.0
2016-11-04,708.4,1.0
2016-11-05,708.4,1.0
2016-11-06,713.0,1.0
2016-11-07,707.8,1.0
2016-11-08,714.0,1.0
2016-11-09,723.8,1.0
2016-11-10,714.9,1.0
2016-11-11,714.8,1.0
2016-11-12,703.8,1.0
2016-11-13,708.1,1.0
2016-11-14,707.4,1.0
2016-11-15,712.2,1.0
2016-11-16,745.0,1.0
2016-11-17,740.7,1.0
2016-11-18,754.0,1.0
2016-11-19,752.9,1.0
2016-11-20,729.7,1.0
2016-11-21,739.0,1.0
2016-11-22,750.0,1.0
2016-11-23,742.0,1.0
2016-11-24,737.7,1.0
2016-11-25,740.4,1.0
2016-11-26,731.2,1.0
2016-11-27,725.0,0.5
2016-11-28,731.5,0.5
2016-11-29,731.0,0.5
2016-11-30,739.0,1.0
2016-12-01,755.4,1.0
2016-12-02,774.9,1.0
2016-12-03,765.3,1.0
2016-12-04,768.5,1.0
2016-12-05,750.6,1.0
2016-12-06,757.4,1.0
2016-12-07,765.0,1.0
2016-12-08,765.0,1.0
2016-12-09,770.5,1.0
2016-12-10,772.9,1.0
2016-12-11,770.2,1.0
2016-12-12,778.0,1.0
2016-12-13,775.0,1.0
2016-12-14,774.5,1.0
2016-12-15,777.4,1.0
2016-12-16,784.2,1.0
2016-12-17,791.0,1.0
2016-12-18,790.2,1.0
2016-12-19,790.6,1.0
2016-12-20,798.0,1.0
2016-12-21,830.0,1.0
2016-12-22,859.2,1.0
2016-12-23,919.0,1.0
2016-12-24,895.2,1.0
2016-12-25,898.0,1.0
2016-12-26,906.4,1.0
2016-12-27,936.3,1.0
2016-12-28,981.7,1.0
2016-12-29,972.6,1.0
2016-12-30,959.3,1.0
2016-12-31,966.6,1.0
2017-01-01,999.0,1.0
2017-01-02,1019.3,1.0
2017-01-03,1037.5,1.0
2017-01-04,1139.6,1.0
2017-01-05,1003.2,1.0
2017-01-06,898.0,1.0
2017-01-07,908.8,0.5
2017-01-08,915.9,0.5
2017-01-09,903.0,0.5
2017-01-10,905.8,0.5
2017-01-11,778.6,0.0
2017-01-12,804.6,0.0
2017-01-13,828.1,0.0
2017-01-14,815.3,0.0
2017-01-15,820.7,0.0
2017-01-16,830.1,0.0
2017-01-17,904.0,0.0
2017-01-18,887.8,0.5
2017-01-19,900.3,0.5
2017-01-20,896.0,0.5
2017-01-21,924.0,1.0
2017-01-22,923.7,1.0
2017-01-23,910.0,1.0
2017-01-24,886.1,1.0
2017-01-25,893.3,1.0
2017-01-26,915.1,1.0
2017-01-27,916.7,1.0
2017-01-28,919.4,1.0
2017-01-29,912.6,1.0
2017-01-30,917.4,1.0
2017-01-31,966.2,1.0
2017-02-01,983.7,1.0
2017-02-02,1005.7,1.0
2017-02-03,1015.7,1.0
2017-02-04,1031.1,1.0
2017-02-05,1006.6,1.0
2017-02-06,1022.6,1.0
2017-02-07,1052.1,1.0
2017-02-08,1048.8,1.0
2017-02-09,985.0,1.0
2017-02-10,992.0,1.0
2017-02-11,1000.3,1.0
2017-02-12,996.0,1.0
2017-02-13,996.5,1.0
2017-02-14,1013.7,1.0
2017-02-15,1013.8,1.0
2017-02-16,1038.4,1.0
2017-02-17,1056.2,1.0
2017-02-18,1059.8,1.0
2017-02-19,1056.2,1.0
2017-02-20,1091.2,1.0
2017-02-21,1129.6,1.0
2017-02-22,1125.3,1.0
2017-02-23,1190.9,1.0
2017-02-24,1185.1,1.0
2017-02-25,1153.0,1.0
2017-02-26,1178.3,1.0
2017-02-27,1195.5,1.0
2017-02-28,1189.1,1.0
2017-03-01,1232.8,1.0
2017-03-02,1262.3,1.0
2017-03-03,1288.2,1.0
2017-03-04,1267.8,1.0
2017-03-05,1278.4,1.0
2017-03-06,1279.3,1.0
2017-03-07,1232.4,1.0
2017-03-08,1149.3,0.5
2017-03-09,1190.4,0.5
2017-03-10,1113.6,0.5
2017-03-11,1172.8,0.5
2017-03-12,1225.2,1.0
2017-03-13,1238.5,1.0
2017-03-14,1245.0,1.0
2017-03-15,1256.1,1.0
2017-03-16,1169.0,1.0
2017-03-17,1068.4,0.5
2017-03-18,971.0,0.0
2017-03-19,1016.1,0.0
2017-03-20,1039.0,0.0
2017-03-21,1115.0,0.0
2017-03-22,1039.1,0.0
2017-03-23,1033.0,0.0
2017-03-24,943.1,0.0
2017-03-25,972.2,-0.5
2017-03-26,969.0,-0.5
2017-03-27,1042.7,-0.5
2017-03-28,1044.7,-0.5
2017-03-29,1041.8,-0.5
2017-03-30,1041.0,-0.5
2017-03-31,1081.7,0.0
2017-04-01,1093.2,0.0
2017-04-02,1107.6,0.0
2017-04-03,1150.2,1.0
2017-04-04,1145.0,1.0
2017-04-05,1140.6,1.0
2017-04-06,1191.5,1.0
2017-04-07,1196.6,1.0
2017-04-08,1188.1,1.0
2017-04-09,1215.9,1.0
2017-04-10,1220.3,1.0
2017-04-11,1235.6,1.0
2017-04-12,1227.4,1.0
2017-04-13,1187.0,1.0
2017-04-14,1206.8,1.0
2017-04-15,1193.3,1.0
2017-04-16,1212.0,1.0
2017-04-17,1240.0,1.0
2017-04-18,1265.4,1.0
2017-04-19,1260.5,1.0
2017-04-20,1308.4,1.0
2017-04-21,1325.6,1.0
2017-04-22,1347.5,1.0
2017-04-23,1355.2,1.0
2017-04-24,1345.0,1.0
2017-04-25,1370.3,1.0
2017-04-26,1399.3,1.0
2017-04-27,1440.3,1.0
2017-04-28,1415.6,1.0
2017-04-29,1423.6,1.0
2017-04-30,1435.2,1.0
2017-05-01,1533.1,1.0
2017-05-02,1560.0,1.0
2017-05-03,1617.8,1.0
2017-05-04,1607.1,1.0
2017-05-05,1545.1,1.0
2017-05-06,1597.1,1.0
2017-05-07,1619.9,1.0
2017-05-08,1703.2,1.0
2017-05-09,1760.0,1.0
2017-05-10,1796.8,1.0
2017-05-11,1853.9,1.0
2017-05-12,1735.0,1.0
2017-05-13,1820.4,1.0
2017-05-14,1828.1,1.0
2017-05-15,1772.5,1.0
2017-05-16,1785.7,1.0
2017-05-17,1870.0,1.0
2017-05-18,1941.5,1.0
2017-05-19,1966.5,1.0
2017-05-20,2059.7,1.0
2017-05-21,2029.2,1.0
2017-05-22,2085.5,1.0
2017-05-23,2249.3,1.0
2017-05-24,2394.8,1.0
2017-05-25,2252.0,1.0
2017-05-26,2127.3,1.0
2017-05-27,1972.3,1.0
2017-05-28,2056.6,1.0
2017-05-29,2207.4,1.0
2017-05-30,2146.7,1.0
2017-05-31,2191.8,1.0
2017-06-01,2311.6,1.0
2017-06-02,2405.9,1.0
2017-06-03,2461.0,1.0
2017-06-04,2488.2,1.0
2017-06-05,2636.2,1.0
2017-06-06,2843.6,1.0
2017-06-07,2642.6,1.0
2017-06-08,2782.1,1.0
2017-06-09,2809.0,1.0
2017-06-10,2806.0,1.0
2017-06-11,2936.3,1.0
2017-06-12,2571.8,1.0
2017-06-13,2676.4,1.0
2017-06-14,2395.0,0.5
2017-06-15,2377.4,0.5
2017-06-16,2437.0,0.5
2017-06-17,2610.0,0.5
2017-06-18,2491.5,0.5
2017-06-19,2580.8,1.0
2017-06-20,2712.2,1.0
2017-06-21,2621.2,1.0
2017-06-22,2672.8,1.0
2017-06-23,2674.9,1.0
2017-06-24,2502.6,0.5
2017-06-25,2477.7,0.5
2017-06-26,2394.6,0.5
2017-06-27,2521.2,0.5
2017-06-28,2518.2,0.5
2017-06-29,2470.1,0.5
2017-06-30,2420.7,0.5
2017-07-01,2349.5,0.0
2017-07-02,2445.0,0.0
2017-07-03,2524.0,0.5
2017-07-04,2582.6,1.0
2017-07-05,2598.5,1.0
2017-07-06,2593.1,1.0
2017-07-07,2479.3,1.0
2017-07-08,2542.0,1.0
2017-07-09,2478.0,0.5
2017-07-10,2318.3,0.0
2017-07-11,2282.1,0.0
2017-07-12,2374.4,0.0
2017-07-13,2329.0,0.0
2017-07-14,2205.1,0.0
2017-07-15,1978.6,0.0
2017-07-16,1924.9,-0.5
2017-07-17,2219.0,-0.5
2017-07-18,2302.1,-0.5
2017-07-19,2253.1,-0.5
2017-07-20,2856.3,0.5
2017-07-21,2664.0,1.0
2017-07-22,2845.7,1.0
2017-07-23,2747.5,1.0
2017-07-24,2769.7,1.0
2017-07-25,2560.9,1.0
2017-07-26,2525.7,1.0
2017-07-27,2664.9,1.0
2017-07-28,2784.8,1.0
2017-07-29,2714.1,1.0
2017-07-30,2749.0,1.0
2017-07-31,2856.0,1.0
2017-08-01,2731.2,1.0
2017-08-02,2702.0,1.0
2017-08-03,2790.3,1.0
2017-08-04,2860.0,1.0
2017-08-05,3256.4,1.0
2017-08-06,3227.9,1.0
2017-08-07,3396.7,1.0
2017-08-08,3415.0,1.0
2017-08-09,3339.9,1.0
2017-08-10,3407.9,1.0
2017-08-11,3644.1,1.0
2017-08-12,3865.5,1.0
2017-08-13,4053.3,1.0
2017-08-14,4319.5,1.0
2017-08-15,4151.9,1.0
2017-08-16,4386.3,1.0
2017-08-17,4260.0,1.0
2017-08-18,4090.2,1.0
2017-08-19,4145.1,1.0
2017-08-20,4064.3,1.0
2017-08-21,4002.5,1.0
2017-08-22,4074.0,1.0
2017-08-23,4129.1,1.0
2017-08-24,4325.2,1.0
2017-08-25,4351.5,1.0
2017-08-26,4341.7,1.0
2017-08-27,4331.8,1.0
2017-08-28,4383.8,1.0
2017-08-29,4587.1,1.0
2017-08-30,4569.0,1.0
2017-08-31,4718.2,1.0
2017-09-01,4904.9,1.0
2017-09-02,4534.4,1.0
2017-09-03,4595.0,1.0
2017-09-04,4200.4,1.0
2017-09-05,4374.9,0.5
2017-09-06,4589.1,1.0
2017-09-07,4613.5,1.0
2017-09-08,4305.8,1.0
2017-09-09,4317.9,0.5
2017-09-10,4232.1,0.5
2017-09-11,4203.0,0.5
2017-09-12,4142.9,0.5
2017-09-13,3849.7,0.5
2017-09-14,3238.1,0.0
2017-09-15,3698.0,0.0
2017-09-16,3685.4,0.0
2017-09-17,3666.3,0.0
2017-09-18,4084.1,0.0
2017-09-19,3900.0,0.0
2017-09-20,3873.2,0.0
2017-09-21,3603.4,0.0
2017-09-22,3598.5,0.0
2017-09-23,3779.6,0.0
2017-09-24,3652.8,0.0
2017-09-25,3930.0,0.0
2017-09-26,3879.1,0.0
2017-09-27,4205.4,0.5
2017-09-28,4190.0,1.0
2017-09-29,4169.9,1.0
2017-09-30,4367.0,1.0
2017-10-01,4404.3,1.0
2017-10-02,4400.1,1.0
2017-10-03,4311.1,1.0
2017-10-04,4215.1,1.0
2017-10-05,4315.4,1.0
2017-10-06,4371.0,1.0
2017-10-07,4436.0,1.0
2017-10-08,4613.1,1.0
2017-10-09,4782.3,1.0
2017-10-10,4777.0,1.0
2017-10-11,4824.9,1.0
2017-10-12,5428.5,1.0
2017-10-13,5636.8,1.0
2017-10-14,5835.0,1.0
2017-10-15,5698.6,1.0
2017-10-16,5764.4,1.0
2017-10-17,5597.1,1.0
2017-10-18,5565.0,1.0
2017-10-19,5694.0,1.0
2017-10-20,5984.5,1.0
2017-10-21,6005.1,1.0
2017-10-22,5980.5,1.0
2017-10-23,5906.9,1.0
2017-10-24,5509.5,1.0
2017-10-25,5720.0,1.0
2017-10-26,5890.0,1.0
2017-10-27,5759.6,1.0
2017-10-28,5720.6,1.0
2017-10-29,6156.0,1.0
2017-10-30,6125.3,1.0
2017-10-31,6458.3,1.0
2017-11-01,6727.3,1.0
2017-11-02,7019.9,1.0
2017-11-03,7278.4,1.0
2017-11-04,7369.0,1.0
2017-11-05,7382.0,1.0
2017-11-06,6955.0,1.0
2017-11-07,7103.3,1.0
2017-11-08,7442.4,1.0
2017-11-09,7126.2,1.0
2017-11-10,6542.2,1.0
2017-11-11,6300.7,0.5
2017-11-12,5822.1,0.5
2017-11-13,6474.6,0.5
2017-11-14,6579.2,0.5
2017-11-15,7278.3,1.0
2017-11-16,7864.2,1.0
2017-11-17,7677.9,1.0
2017-11-18,7773.3,1.0
2017-11-19,8054.2,1.0
2017-11-20,8245.1,1.0
2017-11-21,8097.3,1.0
2017-11-22,8230.1,1.0
2017-11-23,7977.1,1.0
2017-11-24,8191.6,1.0
2017-11-25,8766.2,1.0
2017-11-26,9316.0,1.0
2017-11-27,9728.8,1.0
2017-11-28,9898.0,1.0
2017-11-29,9749.4,1.0
2017-11-30,9907.0,1.0
2017-12-01,10869.0,1.0
2017-12-02,10881.0,1.0
2017-12-03,11157.0,1.0
2017-12-04,11595.0,1.0
2017-12-05,11595.0,1.0
2017-12-06,13527.0,1.0
2017-12-07,16601.0,1.0
2017-12-08,15869.0,1.0
2017-12-09,14660.0,1.0
2017-12-10,14997.0,1.0
2017-12-11,16754.0,1.0
2017-12-12,16967.0,1.0
2017-12-13,16181.0,1.0
2017-12-14,16383.0,1.0
2017-12-15,17522.0,1.0
2017-12-16,19187.0,1.0
2017-12-17,18971.0,1.0
2017-12-18,18934.0,1.0
2017-12-19,17345.0,1.0
2017-12-20,16425.0,1.0
2017-12-21,15666.8,1.0
2017-12-22,13170.0,0.5
2017-12-23,14035.0,0.5
2017-12-24,13476.0,0.5
2017-12-25,13623.0,0.5
2017-12-26,15679.0,0.5
2017-12-27,15374.0,0.5
2017-12-28,14315.0,0.5
2017-12-29,14317.0,0.5
2017-12-30,12377.0,0.5
2017-12-31,13800.0,0.0
2018-01-01,13354.0,0.0
2018-01-02,14709.8,0.0
2018-01-03,15155.0,1.0
2018-01-04,15160.0,1.0
2018-01-05,16917.0,1.0
2018-01-06,17161.0,1.0
2018-01-07,16196.0,1.0
2018-01-08,14930.0,1.0
2018-01-09,14423.0,0.5
2018-01-10,14896.0,0.5
2018-01-11,13266.0,0.5
2018-01-12,13783.0,0.0
2018-01-13,14191.0,0.0
2018-01-14,13558.0,0.0
2018-01-15,13575.0,0.0
2018-01-16,11072.0,0.0
2018-01-17,11082.0,0.0
2018-01-18,11045.0,0.0
2018-01-19,11476.0,0.0
2018-01-20,12728.0,-0.5
2018-01-21,11514.0,-0.5
2018-01-22,10771.0,-0.5
2018-01-23,10819.0,-0.5
2018-01-24,11414.0,-0.5
2018-01-25,11146.0,-0.5
2018-01-26,11070.0,-0.5
2018-01-27,11461.0,-0.5
2018-01-28,11839.0,-0.5
2018-01-29,11212.0,-0.5
2018-01-30,10175.0,-0.5
2018-01-31,10284.0,-0.5
2018-02-01,9181.1,-0.5
2018-02-02,8895.8,-0.5
2018-02-03,9219.4,-1.0
2018-02-04,8200.0,-1.0
2018-02-05,6949.9,-1.0
2018-02-06,7673.8,-1.0
2018-02-07,7587.0,-1.0
2018-02-08,8235.1,-1.0
2018-02-09,8683.2,-1.0
2018-02-10,8563.1,-1.0
2018-02-11,8069.0,-1.0
2018-02-12,8900.6,-1.0
2018-02-13,8515.9,-1.0
2018-02-14,9455.4,-0.5
2018-02-15,9996.9,-0.5
2018-02-16,10162.0,-0.5
2018-02-17,11053.5,-0.5
2018-02-18,10372.0,-0.5
2018-02-19,11173.0,0.0
2018-02-20,11218.0,0.0
2018-02-21,10455.0,0.0
2018-02-22,9830.0,0.0
2018-02-23,10145.0,0.0
2018-02-24,9666.3,-1.0
2018-02-25,9557.4,-1.0
2018-02-26,10321.0,-0.5
2018-02-27,10569.0,0.0
2018-02-28,10315.0,0.0
2018-03-01,10925.0,0.0
2018-03-02,11025.0,0.0
2018-03-03,11440.0,0.0
2018-03-04,11501.0,0.0
2018-03-05,11416.0,0.0
2018-03-06,10720.0,0.0
2018-03-07,9902.9,-0.5
2018-03-08,9300.0,-1.0
2018-03-09,9217.0,-1.0
2018-03-10,8762.0,-1.0
2018-03-11,9528.0,-1.0
2018-03-12,9121.0,-1.0
2018-03-13,9135.0,-1.0
2018-03-14,8186.6,-1.0
2018-03-15,8252.9,-1.0
2018-03-16,8251.0,-1.0
2018-03-17,7851.0,-1.0
2018-03-18,8200.2,-1.0
2018-03-19,8600.1,-1.0
2018-03-20,8899.7,-1.0
2018-03-21,8900.1,-1.0
2018-03-22,8706.4,-1.0
2018-03-23,8908.0,-1.0
2018-03-24,8535.0,-1.0
2018-03-25,8445.1,-1.0
2018-03-26,8119.1,-1.0
2018-03-27,7784.5,-1.0
2018-03-28,7936.1,-1.0
2018-03-29,7094.0,-1.0
2018-03-30,6840.4,-1.0
2018-03-31,6925.3,-1.0
2018-04-01,6810.0,-1.0
2018-04-02,7052.7,-1.0
2018-04-03,7405.6,-1.0
2018-04-04,6785.9,-1.0
2018-04-05,6765.0,-1.0
2018-04-06,6610.2,-1.0
2018-04-07,6892.6,-1.0
2018-04-08,7023.9,-1.0
2018-04-09,6764.6,-1.0
2018-04-10,6839.3,-1.0
2018-04-11,6943.1,-1.0
2018-04-12,7912.0,-0.5
2018-04-13,7885.8,-0.5
2018-04-14,8002.9,-0.5
2018-04-15,8354.1,-0.5
2018-04-16,8056.2,0.0
2018-04-17,7889.9,0.0
2018-04-18,8166.3,0.0
2018-04-19,8272.8,0.0
2018-04-20,8866.1,0.0
2018-04-21,8919.1,0.0
2018-04-22,8800.0,0.0
2018-04-23,8940.0,0.0
2018-04-24,9644.4,0.0
2018-04-25,8878.4,0.0
2018-04-26,9279.3,0.0
2018-04-27,8920.1,0.5
2018-04-28,9345.3,0.5
2018-04-29,9398.6,0.5
2018-04-30,9240.0,0.5
2018-05-01,9067.0,0.5
2018-05-02,9236.4,0.5
2018-05-03,9762.1,0.5
2018-05-04,9702.8,0.5
2018-05-05,9859.6,0.5
2018-05-06,9658.7,0.5
2018-05-07,9370.0,0.5
2018-05-08,9184.7,0.5
2018-05-09,9318.2,0.5
2018-05-10,9018.7,0.0
2018-05-11,8412.4,0.0
2018-05-12,8462.7,0.0
2018-05-13,8683.6,-0.5
2018-05-14,8670.8,-0.5
2018-05-15,8467.5,-0.5
2018-05-16,8336.1,-1.0
2018-05-17,8051.8,-1.0
2018-05-18,8239.0,-1.0
2018-05-19,8232.3,-1.0
2018-05-20,8523.7,-1.0
2018-05-21,8393.4,-1.0
2018-05-22,7977.3,-1.0
2018-05-23,7494.8,-1.0
2018-05-24,7576.7,-1.0
2018-05-25,7458.0,-1.0
2018-05-26,7330.3,-1.0
2018-05-27,7339.7,-1.0
2018-05-28,7097.9,-1.0
2018-05-29,7460.0,-1.0
2018-05-30,7375.1,-1.0
2018-05-31,7485.8,-1.0
2018-06-01,7521.0,-1.0
2018-06-02,7638.1,-1.0
2018-06-03,7718.0,-1.0
2018-06-04,7488.3,-1.0
2018-06-05,7621.7,-1.0
2018-06-06,7654.0,-1.0
2018-06-07,7688.9,-1.0
2018-06-08,7615.1,-1.0
2018-06-09,7498.6,-1.0
2018-06-10,6757.3,-1.0
2018-06-11,6873.3,-1.0
2018-06-12,6543.9,-1.0
2018-06-13,6295.2,-1.0
2018-06-14,6633.7,-1.0
2018-06-15,6385.0,-1.0
2018-06-16,6485.9,-1.0
2018-06-17,6435.7,-1.0
2018-06-18,6709.2,-1.0
2018-06-19,6737.5,-1.0
2018-06-20,6760.4,-1.0
2018-06-21,6713.5,-1.0
2018-06-22,6042.6,-1.0
2018-06-23,6152.0,-1.0
2018-06-24,6148.0,-1.0
2018-06-25,6246.6,-1.0
2018-06-26,6078.5,-1.0
2018-06-27,6133.1,-1.0
2018-06-28,5850.0,-1.0
2018-06-29,6208.1,-1.0
2018-06-30,6391.5,-1.0
2018-07-01,6349.7,-1.0
2018-07-02,6581.3,-0.5
2018-07-03,6500.0,-0.5
2018-07-04,6590.0,-0.5
2018-07-05,6540.2,-0.5
2018-07-06,6602.1,-0.5
2018-07-07,6761.7,-0.5
2018-07-08,6707.0,-0.5
2018-07-09,6666.7,-0.5
2018-07-10,6301.5,-1.0
2018-07-11,6377.8,-1.0
2018-07-12,6249.0,-1.0
2018-07-13,6220.0,-1.0
2018-07-14,6250.1,-1.0
2018-07-15,6347.2,-1.0
2018-07-16,6729.2,-0.5
2018-07-17,7319.8,0.0
2018-07-18,7379.4,0.0
2018-07-19,7473.5,0.0
2018-07-20,7333.1,0.0
2018-07-21,7403.3,0.0
2018-07-22,7400.5,0.0
2018-07-23,7719.8,0.5
2018-07-24,8394.5,0.5
2018-07-25,8176.0,0.5
2018-07-26,7939.0,0.5
2018-07-27,8185.7,0.5
2018-07-28,8246.4,0.5
2018-07-29,8221.0,0.5
2018-07-30,8179.6,0.5
2018-07-31,7730.6,0.5
2018-08-01,7608.8,0.5
2018-08-02,7535.2,0.0
2018-08-03,7420.0,0.0
2018-08-04,7013.2,0.0
2018-08-05,7025.8,0.0
2018-08-06,6941.3,-0.5
2018-08-07,6720.5,-0.5
2018-08-08,6279.2,-1.0
2018-08-09,6529.1,-1.0
2018-08-10,6146.8,-1.0
2018-08-11,6232.7,-1.0
2018-08-12,6313.9,-1.0
2018-08-13,6251.9,-1.0
2018-08-14,6189.0,-1.0
2018-08-15,6270.1,-1.0
2018-08-16,6314.0,-1.0
2018-08-17,6583.3,-1.0
2018-08-18,6391.2,-1.0
2018-08-19,6485.1,-1.0
2018-08-20,6255.9,-1.0
2018-08-21,6479.1,-1.0
2018-08-22,6354.9,-1.0
2018-08-23,6527.2,-1.0
2018-08-24,6695.9,-0.5
2018-08-25,6732.9,-0.5
2018-08-26,6708.4,-0.5
2018-08-27,6909.5,-0.5
2018-08-28,7079.7,0.0
2018-08-29,7045.7,0.0
2018-08-30,6994.7,0.0
2018-08-31,7025.9,0.0
2018-09-01,7197.5,0.0
2018-09-02,7290.4,0.0
2018-09-03,7268.0,0.5
2018-09-04,7358.9,0.5
2018-09-05,6710.5,0.5
2018-09-06,6515.6,-0.5
2018-09-07,6404.1,-1.0
2018-09-08,6185.0,-1.0
2018-09-09,6239.9,-1.0
2018-09-10,6308.0,-1.0
2018-09-11,6290.8,-1.0
2018-09-12,6332.0,-1.0
2018-09-13,6475.6,-1.0
2018-09-14,6485.0,-1.0
2018-09-15,6513.6,-1.0
2018-09-16,6498.5,-1.0
2018-09-17,6254.2,-1.0
2018-09-18,6342.8,-1.0
2018-09-19,6390.9,-1.0
2018-09-20,6500.5,-1.0
2018-09-21,6762.7,-0.5
2018-09-22,6723.0,-0.5
2018-09-23,6710.0,-0.5
2018-09-24,6585.0,-0.5
2018-09-25,6434.7,-1.0
2018-09-26,6462.4,-1.0
2018-09-27,6692.5,-0.5
2018-09-28,6635.1,-0.5
2018-09-29,6604.6,0.0
2018-09-30,6618.1,0.0
2018-10-01,6601.9,0.0
2018-10-02,6533.3,-1.0
2018-10-03,6503.2,-1.0
2018-10-04,6580.1,-1.0
2018-10-05,6644.7,-0.5
2018-10-06,6592.0,0.0
2018-10-07,6601.0,0.0
2018-10-08,6673.2,0.0
2018-10-09,6663.0,0.0
2018-10-10,6630.2,0.0
2018-10-11,6252.0,-1.0
2018-10-12,6293.2,-1.0
2018-10-13,6326.5,-1.0
2018-10-14,6335.2,-1.0
2018-10-15,6742.0,-0.5
2018-10-16,6754.1,-0.5
2018-10-17,6737.1,0.0
2018-10-18,6613.0,0.0
2018-10-19,6527.3,0.0
2018-10-20,6586.7,0.0
2018-10-21,6591.6,0.0
2018-10-22,6567.2,0.0
2018-10-23,6550.0,-0.5
2018-10-24,6554.1,-0.5
2018-10-25,6528.1,-1.0
2018-10-26,6531.5,-1.0
2018-10-27,6500.2,-1.0
2018-10-28,6490.1,-1.0
2018-10-29,6344.0,-1.0
2018-10-30,6330.1,-1.0
2018-10-31,6368.4,-1.0
2018-11-01,6399.7,-1.0
2018-11-02,6426.9,-1.0
2018-11-03,6387.9,-1.0
2018-11-04,6485.2,-1.0
2018-11-05,6470.1,-1.0
2018-11-06,6515.2,-0.5
2018-11-07,6572.7,-0.5
2018-11-08,6479.6,-0.5
2018-11-09,6420.2,-1.0
2018-11-10,6431.1,-1.0
2018-11-11,6450.0,-1.0
2018-11-12,6446.9,-1.0
2018-11-13,6464.4,-1.0
2018-11-14,5884.6,-1.0
2018-11-15,5753.4,-1.0
2018-11-16,5660.5,-1.0
2018-11-17,5626.7,-1.0
2018-11-18,5659.4,-1.0
2018-11-19,4938.1,-1.0
2018-11-20,4600.1,-1.0
2018-11-21,4666.6,-1.0
2018-11-22,4392.4,-1.0
2018-11-23,4422.7,-1.0
2018-11-24,3929.8,-1.0
2018-11-25,4087.8,-1.0
2018-11-26,3858.0,-1.0
2018-11-27,3884.4,-1.0
2018-11-28,4306.3,-1.0
2018-11-29,4312.9,-1.0
2018-11-30,4038.3,-1.0
2018-12-01,4243.0,-1.0
2018-12-02,4159.7,-1.0
2018-12-03,3901.2,-1.0
2018-12-04,3981.9,-1.0
2018-12-05,3765.3,-1.0
2018-12-06,3531.3,-1.0
2018-12-07,3460.0,-1.0
2018-12-08,3506.0,-1.0
2018-12-09,3639.6,-1.0
2018-12-10,3524.9,-1.0
2018-12-11,3435.3,-1.0
2018-12-12,3535.6,-1.0
2018-12-13,3354.4,-1.0
2018-12-14,3282.8,-1.0
2018-12-15,3285.1,-1.0
2018-12-16,3299.9,-1.0
2018-12-17,3625.1,-1.0
2018-12-18,3780.1,-0.5
2018-12-19,3810.0,-0.5
2018-12-20,4214.5,-0.5
2018-12-21,3976.1,-0.5
2018-12-22,4135.0,-0.5
2018-12-23,4075.7,-0.5
2018-12-24,4145.2,-0.5
2018-12-25,3909.7,-0.5
2018-12-26,3929.8,-0.5
2018-12-27,3714.7,-1.0
2018-12-28,4036.7,-0.5
2018-12-29,3887.0,-0.5
2018-12-30,3978.3,-0.5
2018-12-31,3830.5,-1.0
2019-01-01,3963.0,-0.5
2019-01-02,4048.5,-0.5
2019-01-03,3923.2,-0.5
2019-01-04,3954.9,-0.5
2019-01-05,3911.0,-0.5
2019-01-06,4171.5,0.0
2019-01-07,4113.9,0.0
2019-01-08,4100.0,0.0
2019-01-09,4083.2,0.0
2019-01-10,3712.8,-1.0
2019-01-11,3716.1,-1.0
2019-01-12,3702.0,-1.0
2019-01-13,3591.0,-1.0
2019-01-14,3749.3,-1.0
2019-01-15,3656.5,-1.0
2019-01-16,3671.2,-1.0
2019-01-17,3723.0,-1.0
2019-01-18,3675.7,-1.0
2019-01-19,3760.0,-1.0
2019-01-20,3586.1,-1.0
2019-01-21,3579.4,-1.0
2019-01-22,3639.1,-1.0
2019-01-23,3619.9,-1.0
2019-01-24,3652.6,-1.0
2019-01-25,3628.9,-1.0
2019-01-26,3630.7,-1.0
2019-01-27,3597.1,-1.0
2019-01-28,3501.9,-1.0
2019-01-29,3477.9,-1.0
2019-01-30,3529.6,-1.0
2019-01-31,3501.1,-1.0
2019-02-01,3536.2,-1.0
2019-02-02,3564.3,-1.0
2019-02-03,3501.7,-1.0
2019-02-04,3490.5,-1.0
2019-02-05,3512.6,-1.0
2019-02-06,3452.0,-1.0
2019-02-07,3436.1,-1.0
2019-02-08,3724.0,-0.5
2019-02-09,3718.4,-0.5
2019-02-10,3746.3,-0.5
2019-02-11,3681.1,-0.5
2019-02-12,3694.2,0.0
2019-02-13,3666.1,0.0
2019-02-14,3656.7,0.0
2019-02-15,3670.0,0.0
2019-02-16,3676.4,0.0
2019-02-17,3734.5,0.0
2019-02-18,3978.1,0.0
2019-02-19,3989.9,0.0
2019-02-20,4055.0,0.0
2019-02-21,4008.8,0.0
2019-02-22,4058.3,0.0
2019-02-23,4211.7,0.5
2019-02-24,3832.0,0.5
2019-02-25,3921.8,0.5
2019-02-26,3896.8,0.5
2019-02-27,3902.7,0.5
2019-02-28,3894.0,0.5
2019-03-01,3914.0,0.5
2019-03-02,3913.0,0.5
2019-03-03,3884.8,0.5
2019-03-04,3800.0,0.0
2019-03-05,3951.6,0.5
2019-03-06,3951.4,0.5
2019-03-07,3964.7,0.5
2019-03-08,3940.5,0.5
2019-03-09,4017.3,0.5
2019-03-10,4000.0,0.5
2019-03-11,3949.0,0.5
2019-03-12,3954.1,0.5
2019-03-13,3947.9,0.5
2019-03-14,3948.3,0.5
2019-03-15,4003.1,0.5
2019-03-16,4088.0,0.5
2019-03-17,4068.9,0.5
2019-03-18,4073.5,0.5
2019-03-19,4104.7,0.5
2019-03-20,4127.2,0.5
2019-03-21,4044.8,0.5
2019-03-22,4045.3,0.5
2019-03-23,4063.2,0.5
2019-03-24,4041.4,0.5
2019-03-25,3970.0,0.0
2019-03-26,3991.7,0.0
2019-03-27,4102.5,0.5
2019-03-28,4092.6,0.5
2019-03-29,4179.0,0.5
2019-03-30,4165.1,0.5
2019-03-31,4167.6,0.5
2019-04-01,4196.8,0.5
2019-04-02,4927.1,0.5
2019-04-03,4978.0,0.5
2019-04-04,4938.9,0.5
2019-04-05,5080.4,0.5
2019-04-06,5090.5,1.0
2019-04-07,5238.1,1.0
2019-04-08,5312.5,1.0
2019-04-09,5216.3,1.0
2019-04-10,5311.7,1.0
2019-04-11,5065.8,1.0
2019-04-12,5114.0,1.0
2019-04-13,5101.8,1.0
2019-04-14,5194.3,1.0
2019-04-15,5049.2,1.0
2019-04-16,5234.3,1.0
2019-04-17,5254.5,1.0
2019-04-18,5310.8,1.0
2019-04-19,5314.0,1.0
2019-04-20,5340.0,1.0
2019-04-21,5321.9,1.0
2019-04-22,5417.8,1.0
2019-04-23,5550.9,1.0
2019-04-24,5480.3,1.0
2019-04-25,5219.0,1.0
2019-04-26,5410.8,1.0
2019-04-27,5401.8,1.0
2019-04-28,5486.8,1.0
2019-04-29,5480.1,1.0
2019-04-30,5599.5,1.0
2019-05-01,5629.6,1.0
2019-05-02,5723.8,1.0
2019-05-03,6016.0,1.0
2019-05-04,6098.3,1.0
2019-05-05,6042.0,1.0
2019-05-06,6027.9,1.0
2019-05-07,6087.9,1.0
2019-05-08,6201.0,1.0
2019-05-09,6258.4,1.0
2019-05-10,6438.7,1.0
2019-05-11,7136.4,1.0
2019-05-12,6979.9,1.0
2019-05-13,7753.2,1.0
2019-05-14,7958.3,1.0
2019-05-15,8132.9,1.0
2019-05-16,7857.0,1.0
2019-05-17,7415.4,1.0
2019-05-18,7260.0,1.0
2019-05-19,8189.5,1.0
2019-05-20,7985.0,1.0
2019-05-21,7937.0,1.0
2019-05-22,7621.1,1.0
2019-05-23,7872.4,1.0
2019-05-24,7994.9,1.0
2019-05-25,8054.9,1.0
2019-05-26,8729.9,1.0
2019-05-27,8806.0,1.0
2019-05-28,8740.9,1.0
2019-05-29,8680.9,1.0
2019-05-30,8269.9,1.0
2019-05-31,8533.3,1.0
2019-06-01,8547.0,1.0
2019-06-02,8740.0,1.0
2019-06-03,8103.4,1.0
2019-06-04,7692.8,0.5
2019-06-05,7789.3,0.5
2019-06-06,7805.6,0.5
2019-06-07,7991.5,0.5
2019-06-08,7924.6,0.5
2019-06-09,7639.2,0.5
2019-06-10,8013.7,0.5
2019-06-11,7904.1,0.5
2019-06-12,8175.4,1.0
2019-06-13,8227.4,1.0
2019-06-14,8689.1,1.0
2019-06-15,8856.0,1.0
2019-06-16,8986.0,1.0
2019-06-17,9356.0,1.0
2019-06-18,9095.9,1.0
2019-06-19,9305.9,1.0
2019-06-20,9557.1,1.0
2019-06-21,10236.0,1.0
2019-06-22,10747.9,1.0
2019-06-23,10916.0,1.0
2019-06-24,11053.0,1.0
2019-06-25,11751.0,1.0
2019-06-26,12876.0,1.0
2019-06-27,11200.0,1.0
2019-06-28,12349.0,1.0
2019-06-29,11921.0,1.0
2019-06-30,10745.0,1.0
2019-07-01,10639.0,1.0
2019-07-02,10866.0,1.0
2019-07-03,11984.0,1.0
2019-07-04,11169.0,1.0
2019-07-05,10998.0,1.0
2019-07-06,11283.0,1.0
2019-07-07,11486.0,1.0
2019-07-08,12301.0,1.0
2019-07-09,12553.0,1.0
2019-07-10,12093.0,1.0
2019-07-11,11340.0,1.0
2019-07-12,11765.0,1.0
2019-07-13,11312.0,1.0
2019-07-14,10206.8,0.5
2019-07-15,10820.0,0.5
2019-07-16,9410.0,0.0
2019-07-17,9683.2,0.0
2019-07-18,10622.0,0.0
2019-07-19,10519.0,0.0
2019-07-20,10740.0,0.0
2019-07-21,10569.4,0.0
2019-07-22,10329.0,0.0
2019-07-23,9854.9,0.0
2019-07-24,9771.0,0.0
2019-07-25,9890.1,0.0
2019-07-26,9842.5,0.0
2019-07-27,9465.7,0.0
2019-07-28,9519.0,0.0
2019-07-29,9507.0,0.0
2019-07-30,9589.0,0.0
2019-07-31,10088.0,0.0
2019-08-01,10399.0,0.5
2019-08-02,10519.0,0.5
2019-08-03,10822.0,0.5
2019-08-04,10973.0,1.0
2019-08-05,11808.0,1.0
2019-08-06,11471.2,1.0
2019-08-07,11997.0,1.0
2019-08-08,12060.0,1.0
2019-08-09,11893.0,1.0
2019-08-10,11314.0,1.0
2019-08-11,11586.0,1.0
2019-08-12,11404.0,1.0
2019-08-13,10904.0,1.0
2019-08-14,10067.0,0.5
2019-08-15,10327.0,0.5
2019-08-16,10366.0,0.0
2019-08-17,10228.0,0.0
2019-08-18,10327.0,0.0
2019-08-19,10937.0,0.0
2019-08-20,10793.0,0.0
2019-08-21,10146.0,0.0
2019-08-22,10117.0,0.0
2019-08-23,10408.0,0.0
2019-08-24,10152.0,0.0
2019-08-25,10132.0,0.0
2019-08-26,10377.0,0.0
2019-08-27,10184.0,0.0
2019-08-28,9727.4,-0.5
2019-08-29,9509.0,-0.5
2019-08-30,9601.0,-0.5
2019-08-31,9623.9,-0.5
2019-09-01,9779.1,-0.5
2019-09-02,10388.0,-0.5
2019-09-03,10641.0,0.0
2019-09-04,10590.0,0.0
2019-09-05,10578.7,0.0
2019-09-06,10317.0,0.0
2019-09-07,10488.0,0.5
2019-09-08,10415.0,0.5
2019-09-09,10318.0,0.5
2019-09-10,10122.0,-0.5
2019-09-11,10175.0,-0.5
2019-09-12,10452.0,-0.5
2019-09-13,10374.0,-0.5
2019-09-14,10379.0,0.0
2019-09-15,10322.0,-0.5
2019-09-16,10295.0,-0.5
2019-09-17,10214.1,-1.0
2019-09-18,10185.0,-1.0
2019-09-19,10301.0,-1.0
2019-09-20,10198.0,-1.0
2019-09-21,10013.0,-1.0
2019-09-22,10052.0,-1.0
2019-09-23,9702.6,-1.0
2019-09-24,8547.9,-1.0
2019-09-25,8474.7,-1.0
2019-09-26,8103.6,-1.0
2019-09-27,8213.4,-1.0
2019-09-28,8238.6,-1.0
2019-09-29,8090.0,-1.0
2019-09-30,8331.1,-1.0
2019-10-01,8334.9,-1.0
2019-10-02,8413.4,-1.0
2019-10-03,8257.9,-1.0
2019-10-04,8170.0,-1.0
2019-10-05,8162.5,-1.0
2019-10-06,7883.1,-1.0
2019-10-07,8227.0,-1.0
2019-10-08,8211.2,-1.0
2019-10-09,8607.5,-1.0
2019-10-10,8596.0,-0.5
2019-10-11,8280.0,-1.0
2019-10-12,8318.3,-1.0
2019-10-13,8305.7,-1.0
2019-10-14,8370.0,-1.0
2019-10-15,8191.1,-1.0
2019-10-16,8016.0,-1.0
2019-10-17,8092.3,-1.0
2019-10-18,7987.2,-1.0
2019-10-19,7992.9,-1.0
2019-10-20,8260.6,-1.0
2019-10-21,8243.9,-1.0
2019-10-22,8058.9,-1.0
2019-10-23,7493.7,-1.0
2019-10-24,7453.0,-1.0
2019-10-25,8679.1,-0.5
2019-10-26,9270.9,-0.5
2019-10-27,9571.8,0.0
2019-10-28,9225.7,0.0
2019-10-29,9445.5,0.0
2019-10-30,9184.3,0.0
2019-10-31,9185.6,0.0
2019-11-01,9289.1,0.0
2019-11-02,9332.1,0.0
2019-11-03,9222.4,0.0
2019-11-04,9441.2,0.0
2019-11-05,9333.9,0.5
2019-11-06,9353.0,0.5
2019-11-07,9208.0,0.5
2019-11-08,8782.4,0.0
2019-11-09,8828.0,0.0
2019-11-10,9068.4,0.0
2019-11-11,8737.7,-0.5
2019-11-12,8830.0,-0.5
2019-11-13,8801.1,-0.5
2019-11-14,8655.7,-1.0
2019-11-15,8495.8,-1.0
2019-11-16,8523.5,-1.0
2019-11-17,8537.3,-1.0
2019-11-18,8219.5,-1.0
2019-11-19,8164.9,-1.0
2019-11-20,8126.4,-1.0
2019-11-21,7671.1,-1.0
2019-11-22,7323.0,-1.0
2019-11-23,7352.6,-1.0
2019-11-24,6965.3,-1.0
2019-11-25,7168.0,-1.0
2019-11-26,7198.3,-1.0
2019-11-27,7549.3,-1.0
2019-11-28,7460.8,-1.0
2019-11-29,7796.6,-1.0
2019-11-30,7599.9,-1.0
2019-12-01,7450.1,-1.0
2019-12-02,7350.3,-1.0
2019-12-03,7336.0,-1.0
2019-12-04,7238.2,-1.0
2019-12-05,7440.0,-1.0
2019-12-06,7588.3,-1.0
2019-12-07,7543.2,-1.0
2019-12-08,7564.6,-1.0
2019-12-09,7379.5,-1.0
2019-12-10,7254.6,-1.0
2019-12-11,7230.7,-1.0
2019-12-12,7224.0,-1.0
2019-12-13,7283.2,-1.0
2019-12-14,7100.8,-1.0
2019-12-15,7152.7,-1.0
2019-12-16,6926.8,-1.0
2019-12-17,6667.1,-1.0
2019-12-18,7323.4,-1.0
2019-12-19,7181.8,-1.0
2019-12-20,7212.9,-1.0
2019-12-21,7166.4,-1.0
2019-12-22,7532.0,-0.5
2019-12-23,7347.4,-0.5
2019-12-24,7276.9,-0.5
2019-12-25,7220.1,-0.5
2019-12-26,7232.4,-1.0
2019-12-27,7287.0,-0.5
2019-12-28,7334.4,-0.5
2019-12-29,7417.9,-0.5
2019-12-30,7260.9,-0.5
2019-12-31,7208.3,-1.0
2020-01-01,7212.7,-1.0
2020-01-02,6989.4,-1.0
2020-01-03,7367.5,-1.0
2020-01-04,7369.8,-0.5
2020-01-05,7364.6,-0.5
2020-01-06,7757.9,0.0
2020-01-07,8150.0,0.0
2020-01-08,8036.8,0.0
2020-01-09,7817.5,0.0
2020-01-10,8176.3,0.0
2020-01-11,8013.8,0.0
2020-01-12,8174.7,0.5
2020-01-13,8094.5,0.5
2020-01-14,8775.6,0.5
2020-01-15,8807.7,0.5
2020-01-16,8720.6,0.5
2020-01-17,8875.4,0.5
2020-01-18,8891.5,0.5
2020-01-19,8694.0,0.5
2020-01-20,8638.2,0.5
2020-01-21,8734.1,0.5
2020-01-22,8663.9,0.5
2020-01-23,8403.5,0.5
2020-01-24,8447.1,0.5
2020-01-25,8353.7,0.0
2020-01-26,8621.6,0.5
2020-01-27,8912.0,0.5
2020-01-28,9393.7,0.5
2020-01-29,9304.2,0.5
2020-01-30,9512.7,0.5
2020-01-31,9367.4,0.5
2020-02-01,9410.6,0.5
2020-02-02,9353.1,0.5
2020-02-03,9309.3,1.0
2020-02-04,9197.4,1.0
2020-02-05,9612.0,1.0
2020-02-06,9744.9,1.0
2020-02-07,9805.2,1.0
2020-02-08,9877.2,1.0
2020-02-09,10151.0,1.0
2020-02-10,9850.2,1.0
2020-02-11,10247.0,1.0
2020-02-12,10339.0,1.0
2020-02-13,10222.0,1.0
2020-02-14,10335.0,1.0
2020-02-15,9901.0,1.0
2020-02-16,9929.7,1.0
2020-02-17,9708.0,1.0
2020-02-18,10183.0,1.0
2020-02-19,9592.2,0.5
2020-02-20,9608.1,0.5
2020-02-21,9693.5,0.5
2020-02-22,9662.4,0.5
2020-02-23,9985.0,1.0
2020-02-24,9674.1,0.5
2020-02-25,9327.5,0.5
2020-02-26,8813.2,0.0
2020-02-27,8825.8,0.0
2020-02-28,8728.0,0.0
2020-02-29,8557.3,0.0
2020-03-01,8565.2,0.0
2020-03-02,8938.1,0.0
2020-03-03,8791.1,0.0
2020-03-04,8788.6,0.0
2020-03-05,9090.8,0.0
2020-03-06,9180.6,0.0
2020-03-07,8919.0,0.0
2020-03-08,8074.0,-1.0
2020-03-09,7967.3,-1.0
2020-03-10,7913.8,-1.0
2020-03-11,7969.6,-1.0
2020-03-12,4927.0,-1.0
2020-03-13,5625.4,-1.0
2020-03-14,5218.2,-1.0
2020-03-15,5383.2,-1.0
2020-03-16,5058.5,-1.0
2020-03-17,5345.2,-1.0
2020-03-18,5416.2,-1.0
2020-03-19,6173.4,-1.0
2020-03-20,6205.8,-1.0
2020-03-21,6201.8,-1.0
2020-03-22,5827.0,-1.0
2020-03-23,6491.2,-1.0
2020-03-24,6762.0,-0.5
2020-03-25,6688.2,-0.5
2020-03-26,6750.7,-0.5
2020-03-27,6370.0,-0.5
2020-03-28,6249.3,-1.0
2020-03-29,5892.6,-1.0
2020-03-30,6407.6,-1.0
2020-03-31,6427.7,-1.0
2020-04-01,6675.0,-0.5
2020-04-02,6818.3,-0.5
2020-04-03,6740.8,-0.5
2020-04-04,6881.6,-0.5
2020-04-05,6778.0,-0.5
2020-04-06,7346.0,-0.5
2020-04-07,7203.0,0.0
2020-04-08,7367.0,0.0
2020-04-09,7293.5,0.0
2020-04-10,6875.5,0.0
2020-04-11,6884.5,0.0
2020-04-12,6913.0,0.0
2020-04-13,6848.7,0.0
2020-04-14,6872.4,0.0
2020-04-15,6633.8,-1.0
2020-04-16,7114.9,0.0
2020-04-17,7045.8,0.0
2020-04-18,7269.1,0.0
2020-04-19,7133.3,0.0
2020-04-20,6841.9,0.0
2020-04-21,6850.0,-0.5
2020-04-22,7133.0,0.0
2020-04-23,7495.2,0.0
2020-04-24,7506.8,0.0
2020-04-25,7538.5,0.0
2020-04-26,7697.1,0.0
2020-04-27,7777.7,0.5
2020-04-28,7755.8,0.5
2020-04-29,8773.3,0.5
2020-04-30,8635.3,0.5
2020-05-01,8822.9,0.5
2020-05-02,8982.3,0.5
2020-05-03,8899.8,0.5
2020-05-04,8865.8,0.5
2020-05-05,9020.1,0.5
2020-05-06,9157.9,0.5
2020-05-07,9979.6,0.5
2020-05-08,9792.8,0.5
2020-05-09,9537.9,1.0
2020-05-10,8726.0,1.0
2020-05-11,8555.0,1.0
2020-05-12,8811.4,1.0
2020-05-13,9312.0,1.0
2020-05-14,9791.0,1.0
2020-05-15,9313.3,1.0
2020-05-16,9388.0,1.0
2020-05-17,9668.2,1.0
2020-05-18,9714.8,1.0
2020-05-19,9770.1,1.0
2020-05-20,9502.0,1.0
2020-05-21,9059.5,1.0
2020-05-22,9162.4,0.5
2020-05-23,9174.6,0.5
2020-05-24,8711.5,0.5
2020-05-25,8902.0,0.5
2020-05-26,8845.5,0.5
2020-05-27,9210.3,0.5
2020-05-28,9589.3,1.0
2020-05-29,9426.2,1.0
2020-05-30,9706.4,1.0
2020-05-31,9452.1,1.0
2020-06-01,10221.0,1.0
2020-06-02,9530.0,1.0
2020-06-03,9672.0,1.0
2020-06-04,9790.7,1.0
2020-06-05,9620.5,1.0
2020-06-06,9668.4,1.0
2020-06-07,9746.3,1.0
2020-06-08,9783.2,1.0
2020-06-09,9770.8,1.0
2020-06-10,9898.8,1.0
2020-06-11,9272.2,0.5
2020-06-12,9468.3,0.5
2020-06-13,9480.8,0.5
2020-06-14,9345.4,0.5
2020-06-15,9433.9,0.5
2020-06-16,9534.4,0.5
2020-06-17,9473.3,0.5
2020-06-18,9400.0,0.5
2020-06-19,9315.5,0.5
2020-06-20,9371.3,0.5
2020-06-21,9298.1,0.0
2020-06-22,9697.7,1.0
2020-06-23,9635.1,1.0
2020-06-24,9312.1,0.5
2020-06-25,9257.0,0.0
2020-06-26,9173.1,0.0
2020-06-27,9015.3,0.0
2020-06-28,9127.8,0.0
2020-06-29,9194.4,0.0
2020-06-30,9150.6,0.0
2020-07-01,9239.9,0.0
2020-07-02,9100.0,0.0
2020-07-03,9073.9,0.0
2020-07-04,9147.7,0.0
2020-07-05,9089.7,0.0
2020-07-06,9361.0,0.5
2020-07-07,9267.5,0.0
2020-07-08,9447.0,0.0
2020-07-09,9248.9,0.0
2020-07-10,9305.7,0.0
2020-07-11,9246.3,0.0
2020-07-12,9315.8,0.0
2020-07-13,9252.0,0.0
2020-07-14,9263.4,0.0
2020-07-15,9210.1,-0.5
2020-07-16,9149.9,-0.5
2020-07-17,9167.3,-0.5
2020-07-18,9189.1,-0.5
2020-07-19,9231.2,-0.5
2020-07-20,9179.2,-0.5
2020-07-21,9402.0,0.0
2020-07-22,9557.7,0.5
2020-07-23,9615.0,0.5
2020-07-24,9559.4,0.5
2020-07-25,9714.9,0.5
2020-07-26,9948.1,0.5
2020-07-27,11044.0,1.0
2020-07-28,10932.0,1.0
2020-07-29,11117.0,1.0
2020-07-30,11123.0,1.0
2020-07-31,11350.0,1.0
2020-08-01,11804.7,1.0
2020-08-02,11053.8,1.0
2020-08-03,11226.5,1.0
2020-08-04,11184.0,1.0
2020-08-05,11735.8,1.0
2020-08-06,11759.0,1.0
2020-08-07,11580.0,1.0
2020-08-08,11764.0,1.0
2020-08-09,11675.7,1.0
2020-08-10,11892.0,1.0
2020-08-11,11379.8,1.0
2020-08-12,11591.0,1.0
2020-08-13,11792.5,1.0
2020-08-14,11761.0,1.0
2020-08-15,11873.4,1.0
2020-08-16,11925.0,1.0
2020-08-17,12300.0,1.0
2020-08-18,11961.8,1.0
2020-08-19,11778.0,1.0
2020-08-20,11884.0,1.0
2020-08-21,11531.0,1.0
2020-08-22,11685.0,0.5
2020-08-23,11663.0,0.5
2020-08-24,11768.0,1.0
2020-08-25,11341.0,0.5
2020-08-26,11471.0,0.5
2020-08-27,11343.0,0.5
2020-08-28,11545.0,0.5
2020-08-29,11492.0,0.5
2020-08-30,11729.9,1.0
2020-08-31,11671.0,1.0
2020-09-01,11942.0,1.0
2020-09-02,11408.0,0.5
2020-09-03,10170.0,0.0
2020-09-04,10484.7,0.0
2020-09-05,10197.0,0.0
2020-09-06,10276.0,0.0
2020-09-07,10397.0,0.0
2020-09-08,10149.8,-0.5
2020-09-09,10240.0,-0.5
2020-09-10,10355.0,-0.5
2020-09-11,10405.0,-0.5
2020-09-12,10458.0,-0.5
2020-09-13,10331.0,-0.5
2020-09-14,10686.0,-0.5
2020-09-15,10797.0,-0.5
2020-09-16,10971.3,-0.5
2020-09-17,10959.0,-0.5
2020-09-18,10957.2,-0.5
2020-09-19,11099.0,-0.5
2020-09-20,10934.5,-0.5
2020-09-21,10434.0,-1.0
2020-09-22,10549.0,-1.0
2020-09-23,10263.0,-1.0
2020-09-24,10754.0,-1.0
2020-09-25,10708.0,-1.0
2020-09-26,10750.0,-0.5
2020-09-27,10803.0,-0.5
2020-09-28,10712.0,-0.5
2020-09-29,10856.0,-0.5
2020-09-30,10794.0,-0.5
2020-10-01,10634.0,-1.0
2020-10-02,10586.0,-1.0
2020-10-03,10558.6,-1.0
2020-10-04,10687.0,-1.0
2020-10-05,10807.0,-0.5
2020-10-06,10613.7,-1.0
2020-10-07,10687.0,-1.0
2020-10-08,10943.0,-0.5
2020-10-09,11071.0,0.0
2020-10-10,11308.0,0.5
2020-10-11,11385.0,0.5
2020-10-12,11560.0,0.5
2020-10-13,11442.0,0.5
2020-10-14,11440.0,0.5
2020-10-15,11509.0,0.5
2020-10-16,11325.0,0.5
2020-10-17,11375.0,0.5
2020-10-18,11518.0,0.5
2020-10-19,11757.0,0.5
2020-10-20,11925.0,0.5
2020-10-21,12825.0,0.5
2020-10-22,12988.0,1.0
2020-10-23,12935.0,1.0
2020-10-24,13132.0,1.0
2020-10-25,13037.0,1.0
2020-10-26,13061.0,1.0
2020-10-27,13626.3,1.0
2020-10-28,13272.0,1.0
2020-10-29,13451.0,1.0
2020-10-30,13568.0,1.0
2020-10-31,13788.0,1.0
2020-11-01,13756.0,1.0
2020-11-02,13563.0,1.0
2020-11-03,14025.0,1.0
2020-11-04,14160.0,1.0
2020-11-05,15574.0,1.0
2020-11-06,15571.7,1.0
2020-11-07,14844.1,1.0
2020-11-08,15501.0,1.0
2020-11-09,15329.0,1.0
2020-11-10,15312.0,1.0
2020-11-11,15710.0,1.0
2020-11-12,16294.0,1.0
2020-11-13,16310.0,1.0
2020-11-14,16058.3,1.0
2020-11-15,15962.2,1.0
2020-11-16,16710.0,1.0
2020-11-17,17674.9,1.0
2020-11-18,17773.0,1.0
2020-11-19,17810.0,1.0
2020-11-20,18669.0,1.0
2020-11-21,18660.0,1.0
2020-11-22,18399.0,1.0
2020-11-23,18373.0,1.0
2020-11-24,19134.8,1.0
2020-11-25,18730.0,1.0
2020-11-26,17219.0,1.0
2020-11-27,17169.3,1.0
2020-11-28,17746.0,1.0
2020-11-29,18196.0,1.0
2020-11-30,19686.0,1.0
2020-12-01,18807.0,1.0
2020-12-02,19241.0,1.0
2020-12-03,19447.0,1.0
2020-12-04,18657.0,1.0
2020-12-05,19157.0,1.0
2020-12-06,19410.0,1.0
2020-12-07,19196.0,1.0
2020-12-08,18335.0,1.0
2020-12-09,18560.0,1.0
2020-12-10,18260.0,0.5
2020-12-11,18050.0,0.5
2020-12-12,18810.6,0.5
2020-12-13,19180.0,1.0
2020-12-14,19281.0,1.0
2020-12-15,19459.0,1.0
2020-12-16,21322.0,1.0
2020-12-17,22806.6,1.0
2020-12-18,23127.0,1.0
2020-12-19,23804.0,1.0
2020-12-20,23427.0,1.0
2020-12-21,22701.0,1.0
2020-12-22,23805.0,1.0
2020-12-23,23234.0,1.0
2020-12-24,23735.0,1.0
2020-12-25,24717.0,1.0
2020-12-26,26412.0,1.0
2020-12-27,26241.0,1.0
2020-12-28,27058.0,1.0
2020-12-29,27315.0,1.0
2020-12-30,28880.0,1.0
2020-12-31,28933.0,1.0
2021-01-01,29346.0,1.0
2021-01-02,32185.0,1.0
2021-01-03,32971.0,1.0
2021-01-04,32020.0,1.0
2021-01-05,33996.0,1.0
2021-01-06,36755.0,1.0
2021-01-07,39407.0,1.0
2021-01-08,40509.0,1.0
2021-01-09,40171.0,1.0
2021-01-10,38226.0,1.0
2021-01-11,35476.0,1.0
2021-01-12,34103.0,1.0
2021-01-13,37375.0,1.0
2021-01-14,39170.0,1.0
2021-01-15,36741.0,1.0
2021-01-16,36055.0,1.0
2021-01-17,35903.0,1.0
2021-01-18,36699.0,1.0
2021-01-19,35958.0,1.0
2021-01-20,35521.1,1.0
2021-01-21,30873.0,0.5
2021-01-22,33062.0,0.5
2021-01-23,32099.0,0.5
2021-01-24,32298.0,0.5
2021-01-25,32268.1,0.5
2021-01-26,32519.0,0.5
2021-01-27,30454.0,0.0
2021-01-28,33331.0,0.5
2021-01-29,34280.7,0.5
2021-01-30,34334.0,1.0
2021-01-31,33141.0,0.5
2021-02-01,33559.0,1.0
2021-02-02,35563.0,1.0
2021-02-03,37677.0,1.0
2021-02-04,36975.0,1.0
2021-02-05,38260.0,1.0
2021-02-06,39257.0,1.0
2021-02-07,38841.0,1.0
2021-02-08,46440.0,1.0
2021-02-09,46486.0,1.0
2021-02-10,44835.0,1.0
2021-02-11,47966.0,1.0
2021-02-12,47389.0,1.0
2021-02-13,47177.0,1.0
2021-02-14,48587.0,1.0
2021-02-15,47941.0,1.0
2021-02-16,49225.0,1.0
2021-02-17,52060.0,1.0
2021-02-18,51566.0,1.0
2021-02-19,55847.0,1.0
2021-02-20,55838.0,1.0
2021-02-21,57376.0,1.0
2021-02-22,54078.0,1.0
2021-02-23,48888.0,1.0
2021-02-24,49715.0,1.0
2021-02-25,47144.0,0.5
2021-02-26,46319.0,0.5
2021-02-27,46217.0,0.5
2021-02-28,45300.0,0.5
2021-03-01,49572.0,0.5
2021-03-02,48526.0,0.5
2021-03-03,50425.0,1.0
2021-03-04,48368.0,1.0
2021-03-05,48811.0,1.0
2021-03-06,48895.0,1.0
2021-03-07,51031.2,1.0
2021-03-08,52395.0,1.0
2021-03-09,54949.4,1.0
2021-03-10,55955.2,1.0
2021-03-11,57869.0,1.0
2021-03-12,57315.0,1.0
2021-03-13,61207.0,1.0
2021-03-14,59005.0,1.0
2021-03-15,55644.0,1.0
2021-03-16,56924.0,1.0
2021-03-17,58870.0,1.0
2021-03-18,57640.0,1.0
2021-03-19,58074.0,1.0
2021-03-20,58087.0,1.0
2021-03-21,57368.0,1.0
2021-03-22,54074.0,0.5
2021-03-23,54331.0,0.5
2021-03-24,52347.2,0.5
2021-03-25,51363.0,0.5
2021-03-26,54992.9,0.5
2021-03-27,55886.0,0.5
2021-03-28,55773.0,1.0
2021-03-29,57672.3,1.0
2021-03-30,58841.0,1.0
2021-03-31,58796.0,1.0
2021-04-01,58727.4,1.0
2021-04-02,58959.0,1.0
2021-04-03,57023.0,1.0
2021-04-04,58240.0,1.0
2021-04-05,59145.0,1.0
2021-04-06,57991.0,1.0
2021-04-07,55960.0,0.5
2021-04-08,58110.0,1.0
2021-04-09,58114.0,1.0
2021-04-10,59823.8,1.0
2021-04-11,60034.8,1.0
2021-04-12,59900.0,1.0
2021-04-13,63518.0,1.0
2021-04-14,62942.7,1.0
2021-04-15,63196.0,1.0
2021-04-16,61325.0,1.0
2021-04-17,59970.0,1.0
2021-04-18,56163.0,0.5
2021-04-19,55639.0,0.5
2021-04-20,56476.0,0.5
2021-04-21,53822.0,0.0
2021-04-22,51781.3,0.0
2021-04-23,51139.0,0.0
2021-04-24,50167.0,0.0
2021-04-25,49116.3,0.0
2021-04-26,54103.0,0.0
2021-04-27,55044.0,0.0
2021-04-28,54860.0,0.0
2021-04-29,53566.0,0.0
2021-04-30,57637.0,0.5
2021-05-01,57774.0,0.5
2021-05-02,56605.0,0.5
2021-05-03,57147.0,1.0
2021-05-04,53264.0,0.0
2021-05-05,57477.0,0.5
2021-05-06,56451.0,1.0
2021-05-07,57349.0,1.0
2021-05-08,58894.0,1.0
2021-05-09,58276.0,1.0
2021-05-10,55851.0,1.0
2021-05-11,56715.0,1.0
2021-05-12,49725.0,0.0
2021-05-13,49747.0,-0.5
2021-05-14,49917.0,-0.5
2021-05-15,46784.9,-0.5
2021-05-16,46582.9,-0.5
2021-05-17,43544.0,-1.0
2021-05-18,42935.0,-1.0
2021-05-19,36755.0,-1.0
2021-05-20,40578.0,-1.0
2021-05-21,37415.0,-1.0
2021-05-22,37585.0,-1.0
2021-05-23,34730.3,-1.0
2021-05-24,38772.9,-1.0
2021-05-25,38363.0,-1.0
2021-05-26,39301.0,-1.0
2021-05-27,38435.0,-1.0
2021-05-28,35667.0,-1.0
2021-05-29,34570.0,-1.0
2021-05-30,35615.0,-1.0
2021-05-31,37305.0,-1.0
2021-06-01,36672.6,-1.0
2021-06-02,37590.0,-1.0
2021-06-03,39209.0,-1.0
2021-06-04,36854.0,-1.0
2021-06-05,35543.0,-1.0
2021-06-06,35782.0,-1.0
2021-06-07,33596.0,-1.0
2021-06-08,33415.0,-1.0
2021-06-09,37347.0,-1.0
2021-06-10,36649.2,-1.0
2021-06-11,37338.0,-1.0
2021-06-12,35531.0,-1.0
2021-06-13,39004.0,-0.5
2021-06-14,40500.0,-0.5
2021-06-15,40139.0,-0.5
2021-06-16,38332.0,-0.5
2021-06-17,38061.0,-0.5
2021-06-18,35802.0,-1.0
2021-06-19,35585.8,-1.0
2021-06-20,35631.0,-1.0
2021-06-21,31761.0,-1.0
2021-06-22,32553.0,-1.0
2021-06-23,33703.0,-1.0
2021-06-24,34656.6,-1.0
2021-06-25,31584.0,-1.0
2021-06-26,32359.0,-1.0
2021-06-27,34717.0,-1.0
2021-06-28,34484.0,-1.0
2021-06-29,35895.9,-0.5
2021-06-30,35043.5,-0.5
2021-07-01,33554.4,-1.0
2021-07-02,33816.0,-1.0
2021-07-03,34758.0,-1.0
2021-07-04,35289.0,-0.5
2021-07-05,33668.0,-1.0
2021-07-06,34140.0,-1.0
2021-07-07,33886.0,-1.0
2021-07-08,32873.9,-1.0
2021-07-09,33769.0,-1.0
2021-07-10,33506.0,-1.0
2021-07-11,34239.0,-1.0
2021-07-12,33090.0,-1.0
2021-07-13,32727.0,-1.0
2021-07-14,32822.6,-1.0
2021-07-15,31857.0,-1.0
2021-07-16,31429.0,-1.0
2021-07-17,31559.0,-1.0
2021-07-18,31824.0,-1.0
2021-07-19,30847.0,-1.0
2021-07-20,29806.1,-1.0
2021-07-21,32141.0,-1.0
2021-07-22,32320.0,-1.0
2021-07-23,33597.1,-0.5
2021-07-24,33845.0,-0.5
2021-07-25,35407.0,-0.5
2021-07-26,37296.0,0.0
2021-07-27,39563.0,0.0
2021-07-28,40004.0,0.0
2021-07-29,40041.0,0.0
2021-07-30,42169.0,0.0
2021-07-31,41409.0,0.5
2021-08-01,39922.0,0.5
2021-08-02,39156.0,0.5
2021-08-03,38207.0,0.5
2021-08-04,39754.0,0.5
2021-08-05,40887.0,0.5
2021-08-06,42830.0,0.5
2021-08-07,44589.0,0.5
2021-08-08,43770.0,0.5
2021-08-09,46293.0,0.5
2021-08-10,45612.0,0.5
2021-08-11,45546.0,0.5
2021-08-12,44423.0,0.5
2021-08-13,47842.0,0.5
2021-08-14,47084.0,0.5
2021-08-15,47031.0,0.5
2021-08-16,45940.0,0.5
2021-08-17,44698.0,0.5
2021-08-18,44744.0,0.5
2021-08-19,46765.0,0.5
2021-08-20,49332.0,0.5
2021-08-21,48868.0,1.0
2021-08-22,49264.0,1.0
2021-08-23,49539.0,1.0
2021-08-24,47714.0,1.0
2021-08-25,48989.0,1.0
2021-08-26,46832.0,1.0
2021-08-27,49076.1,1.0
2021-08-28,48914.0,1.0
2021-08-29,48800.0,1.0
2021-08-30,47008.0,1.0
2021-08-31,47157.0,0.5
2021-09-01,48844.0,1.0
2021-09-02,49291.0,1.0
2021-09-03,50000.0,1.0
2021-09-04,49899.0,1.0
2021-09-05,51762.0,1.0
2021-09-06,52676.0,1.0
2021-09-07,46778.0,1.0
2021-09-08,46088.0,0.5
2021-09-09,46389.0,0.5
2021-09-10,44852.0,0.5
2021-09-11,45169.0,0.0
2021-09-12,46069.0,0.0
2021-09-13,44960.0,0.0
2021-09-14,47078.0,0.0
2021-09-15,48136.0,1.0
2021-09-16,47786.0,1.0
2021-09-17,47292.0,1.0
2021-09-18,48309.0,1.0
2021-09-19,47239.0,1.0
2021-09-20,43002.0,0.0
2021-09-21,40664.0,0.0
2021-09-22,43582.6,0.0
2021-09-23,44882.0,0.0
2021-09-24,42878.0,0.0
2021-09-25,42711.0,-1.0
2021-09-26,43180.0,-1.0
2021-09-27,42191.0,-1.0
2021-09-28,41064.0,-1.0
2021-09-29,41551.0,-1.0
2021-09-30,43830.0,-1.0
2021-10-01,48157.0,-0.5
2021-10-02,47675.0,-0.5
2021-10-03,48243.0,0.5
2021-10-04,49252.0,0.5
2021-10-05,51508.0,1.0
2021-10-06,55331.0,1.0
2021-10-07,53793.0,1.0
2021-10-08,53925.0,1.0
2021-10-09,54978.0,1.0
2021-10-10,54701.0,1.0
2021-10-11,57468.0,1.0
2021-10-12,55967.0,1.0
2021-10-13,57381.0,1.0
2021-10-14,57354.0,1.0
2021-10-15,61709.0,1.0
2021-10-16,60867.5,1.0
2021-10-17,61511.0,1.0
2021-10-18,62034.0,1.0
2021-10-19,64237.0,1.0
2021-10-20,65988.0,1.0
2021-10-21,62200.0,1.0
2021-10-22,60708.0,1.0
2021-10-23,61302.0,1.0
2021-10-24,60847.0,1.0
2021-10-25,63100.0,1.0
2021-10-26,60290.0,1.0
2021-10-27,58453.0,0.5
2021-10-28,60598.0,1.0
2021-10-29,62235.0,1.0
2021-10-30,61838.8,1.0
2021-10-31,61330.0,1.0
2021-11-01,60927.0,1.0
2021-11-02,63249.0,1.0
2021-11-03,62904.0,1.0
2021-11-04,61422.8,1.0
2021-11-05,61016.4,1.0
2021-11-06,61496.0,1.0
2021-11-07,63259.1,1.0
2021-11-08,67526.0,1.0
2021-11-09,66935.0,1.0
2021-11-10,64954.0,1.0
2021-11-11,64801.0,1.0
2021-11-12,64156.0,1.0
2021-11-13,64406.0,1.0
2021-11-14,65471.0,1.0
2021-11-15,63562.0,1.0
2021-11-16,60124.0,0.5
2021-11-17,60386.1,0.5
2021-11-18,57014.0,0.0
2021-11-19,58130.0,0.0
2021-11-20,59739.0,0.0
2021-11-21,58790.0,0.0
2021-11-22,56299.0,0.0
2021-11-23,57602.0,0.0
2021-11-24,57209.0,0.0
2021-11-25,58995.0,0.0
2021-11-26,53738.0,0.0
2021-11-27,54836.0,0.0
2021-11-28,57325.0,0.0
2021-11-29,57845.0,0.0
2021-11-30,56938.0,0.0
2021-12-01,57250.0,-0.5
2021-12-02,56517.0,-0.5
2021-12-03,53709.0,-0.5
2021-12-04,49272.0,-0.5
2021-12-05,49469.0,-0.5
2021-12-06,50566.6,-1.0
2021-12-07,50634.0,-1.0
2021-12-08,50503.4,-1.0
2021-12-09,47611.0,-1.0
2021-12-10,47170.0,-1.0
2021-12-11,49363.1,-1.0
2021-12-12,50123.0,-1.0
2021-12-13,46777.0,-1.0
2021-12-14,48408.0,-1.0
2021-12-15,48901.0,-1.0
2021-12-16,47675.0,-1.0
2021-12-17,46193.0,-1.0
2021-12-18,46879.0,-1.0
2021-12-19,46716.5,-1.0
2021-12-20,46898.0,-1.0
2021-12-21,48923.0,-1.0
2021-12-22,48626.0,-1.0
2021-12-23,50812.0,-0.5
2021-12-24,50815.0,-0.5
2021-12-25,50437.0,-0.5
2021-12-26,50797.0,-0.5
2021-12-27,50684.0,-0.5
2021-12-28,47554.0,-1.0
2021-12-29,46465.0,-1.0
2021-12-30,47156.0,-1.0
2021-12-31,46218.0,-1.0
2022-01-01,47755.0,-1.0
2022-01-02,47314.0,-1.0
2022-01-03,46445.0,-1.0
2022-01-04,45830.0,-1.0
2022-01-05,43418.0,-1.0
2022-01-06,43111.0,-1.0
2022-01-07,41518.0,-1.0
2022-01-08,41679.0,-1.0
2022-01-09,41850.0,-1.0
2022-01-10,41839.0,-1.0
2022-01-11,42743.0,-1.0
2022-01-12,43909.0,-1.0
2022-01-13,42562.0,-1.0
2022-01-14,43091.0,-1.0
2022-01-15,43069.0,-1.0
2022-01-16,43084.0,-1.0
2022-01-17,42242.0,-1.0
2022-01-18,42390.0,-1.0
2022-01-19,41676.0,-1.0
2022-01-20,40740.0,-1.0
2022-01-21,36501.0,-1.0
2022-01-22,35103.0,-1.0
2022-01-23,36308.0,-1.0
2022-01-24,36702.0,-1.0
2022-01-25,36994.0,-1.0
2022-01-26,36830.8,-1.0
2022-01-27,37217.0,-1.0
2022-01-28,37759.8,-1.0
2022-01-29,38197.0,-1.0
2022-01-30,37939.0,-1.0
2022-01-31,38526.0,-1.0
2022-02-01,38733.0,-1.0
2022-02-02,36925.0,-1.0
2022-02-03,37331.0,-1.0
2022-02-04,41562.7,-0.5
2022-02-05,41454.0,-0.5
2022-02-06,42423.0,-0.5
2022-02-07,43865.0,0.0
2022-02-08,44060.5,0.0
2022-02-09,44432.0,0.0
2022-02-10,43545.0,0.0
2022-02-11,42418.0,0.0
2022-02-12,42239.1,0.0
2022-02-13,42091.0,0.0
2022-02-14,42559.9,0.0
2022-02-15,44559.9,0.0
2022-02-16,43885.0,0.0
2022-02-17,40556.0,-0.5
2022-02-18,40037.0,-0.5
2022-02-19,40141.0,-1.0
2022-02-20,38420.0,-1.0
2022-02-21,37054.0,-1.0
2022-02-22,38299.0,-1.0
2022-02-23,37292.0,-1.0
2022-02-24,38380.0,-1.0
2022-02-25,39243.0,-1.0
2022-02-26,39125.0,-1.0
2022-02-27,37734.0,-1.0
2022-02-28,43202.0,-0.5
2022-03-01,44442.0,0.0
2022-03-02,43952.0,0.0
2022-03-03,42490.0,0.0
2022-03-04,39171.0,0.0
2022-03-05,39408.0,-0.5
2022-03-06,38437.0,-1.0
2022-03-07,38039.0,-1.0
2022-03-08,38757.0,-1.0
2022-03-09,41962.3,-0.5
2022-03-10,39458.5,-1.0
2022-03-11,38737.0,-1.0
2022-03-12,38816.3,-1.0
2022-03-13,37777.1,-1.0
2022-03-14,39717.0,-1.0
2022-03-15,39317.0,-1.0
2022-03-16,41148.0,-0.5
2022-03-17,40942.6,-0.5
2022-03-18,41774.0,0.0
2022-03-19,42214.0,0.0
2022-03-20,41249.0,0.0
2022-03-21,41031.0,0.0
2022-03-22,42370.0,0.0
2022-03-23,42882.0,0.0
2022-03-24,44003.0,0.5
2022-03-25,44337.0,0.5
2022-03-26,44536.4,0.5
2022-03-27,46836.0,0.5
2022-03-28,47105.0,0.5
2022-03-29,47424.0,0.5
2022-03-30,47035.0,0.5
2022-03-31,45535.0,0.5
2022-04-01,46301.0,0.5
2022-04-02,45825.0,0.5
2022-04-03,46383.0,0.5
2022-04-04,46611.1,0.5
2022-04-05,45481.0,0.5
2022-04-06,43199.0,0.0
2022-04-07,43458.0,0.0
2022-04-08,42277.0,0.0
2022-04-09,42780.0,0.0
2022-04-10,42181.0,-0.5
2022-04-11,39565.0,-0.5
2022-04-12,40087.0,-0.5
2022-04-13,41155.0,-1.0
2022-04-14,39948.0,-1.0
2022-04-15,40587.0,-1.0
2022-04-16,40408.7,-1.0
2022-04-17,39707.6,-1.0
2022-04-18,40821.0,-1.0
2022-04-19,41516.8,-1.0
2022-04-20,41366.4,-1.0
2022-04-21,40502.0,-1.0
2022-04-22,39724.0,-1.0
2022-04-23,39446.7,-1.0
2022-04-24,39486.0,-1.0
2022-04-25,40456.0,-1.0
2022-04-26,38139.0,-1.0
2022-04-27,39263.0,-1.0
2022-04-28,39757.8,-1.0
2022-04-29,38600.0,-1.0
2022-04-30,37662.0,-1.0
2022-05-01,38496.1,-1.0
2022-05-02,38520.0,-1.0
2022-05-03,37751.0,-1.0
2022-05-04,39701.2,-1.0
2022-05-05,36577.0,-1.0
2022-05-06,36040.0,-1.0
2022-05-07,35508.0,-1.0
2022-05-08,34084.0,-1.0
2022-05-09,30158.0,-1.0
2022-05-10,31050.0,-1.0
2022-05-11,29095.0,-1.0
2022-05-12,29089.5,-1.0
2022-05-13,29306.0,-1.0
2022-05-14,30104.0,-1.0
2022-05-15,31319.0,-1.0
2022-05-16,29854.0,-1.0
2022-05-17,30442.0,-1.0
2022-05-18,28680.0,-1.0
2022-05-19,30329.0,-1.0
2022-05-20,29202.0,-1.0
2022-05-21,29439.0,-1.0
2022-05-22,30283.0,-1.0
2022-05-23,29091.0,-1.0
2022-05-24,29647.0,-1.0
2022-05-25,29524.0,-1.0
2022-05-26,29213.0,-1.0
2022-05-27,28609.0,-1.0
2022-05-28,29037.0,-1.0
2022-05-29,29476.0,-1.0
2022-05-30,31726.3,-0.5
2022-05-31,31792.0,-0.5
2022-06-01,29832.0,-0.5
2022-06-02,30478.0,-0.5
2022-06-03,29730.0,-1.0
2022-06-04,29877.0,-1.0
2022-06-05,29923.4,-1.0
2022-06-06,31371.0,-0.5
2022-06-07,31149.0,-0.5
2022-06-08,30230.0,-0.5
2022-06-09,30112.2,-1.0
2022-06-10,29103.0,-1.0
2022-06-11,28425.0,-1.0
2022-06-12,26670.0,-1.0
2022-06-13,22487.0,-1.0
2022-06-14,22172.0,-1.0
2022-06-15,22594.0,-1.0
2022-06-16,20394.0,-1.0
2022-06-17,20411.0,-1.0
2022-06-18,18978.0,-1.0
2022-06-19,20556.0,-1.0
2022-06-20,20554.1,-1.0
2022-06-21,20692.9,-1.0
2022-06-22,19943.0,-1.0
2022-06-23,21071.0,-1.0
2022-06-24,21229.0,-1.0
2022-06-25,21485.0,-1.0
2022-06-26,21067.0,-1.0
2022-06-27,20718.0,-1.0
2022-06-28,20267.0,-1.0
2022-06-29,20106.6,-1.0
2022-06-30,19938.0,-1.0
2022-07-01,19286.0,-1.0
2022-07-02,19230.0,-1.0
2022-07-03,19308.8,-1.0
2022-07-04,20224.0,-1.0
2022-07-05,20169.0,-1.0
2022-07-06,20557.1,-1.0
2022-07-07,21620.0,-0.5
2022-07-08,21600.0,-0.5
2022-07-09,21575.8,-0.5
2022-07-10,20854.6,-0.5
2022-07-11,19945.0,-1.0
2022-07-12,19310.5,-1.0
2022-07-13,20246.0,-1.0
2022-07-14,20578.0,-1.0
2022-07-15,20816.0,-1.0
2022-07-16,21224.0,-0.5
2022-07-17,20781.0,-0.5
2022-07-18,22476.0,-0.5
2022-07-19,23398.0,0.0
2022-07-20,23209.0,0.0
2022-07-21,23151.8,0.0
2022-07-22,22675.9,0.0
2022-07-23,22446.0,0.0
2022-07-24,22579.2,0.0
2022-07-25,21302.6,0.0
2022-07-26,21271.0,-0.5
2022-07-27,22951.0,0.0
2022-07-28,23851.6,0.0
2022-07-29,23764.0,0.0
2022-07-30,23639.0,0.0
2022-07-31,23294.0,0.0
2022-08-01,23259.0,0.0
2022-08-02,22984.0,0.0
2022-08-03,22813.9,0.0
2022-08-04,22611.7,0.0
2022-08-05,23311.0,0.0
2022-08-06,22924.0,0.0
2022-08-07,23177.9,0.0
2022-08-08,23817.0,0.0
2022-08-09,23141.0,0.0
2022-08-10,23954.2,0.0
2022-08-11,23931.5,0.0
2022-08-12,24395.2,0.0
2022-08-13,24425.0,0.0
2022-08-14,24300.0,0.0
2022-08-15,24094.0,0.0
2022-08-16,23856.0,0.5
2022-08-17,23335.0,0.0
2022-08-18,23196.7,-0.5
2022-08-19,20839.0,-1.0
2022-08-20,21141.0,-1.0
2022-08-21,21510.0,-1.0
2022-08-22,21395.0,-1.0
2022-08-23,21527.0,-1.0
2022-08-24,21365.6,-1.0
2022-08-25,21563.1,-1.0
2022-08-26,20257.9,-1.0
2022-08-27,20036.0,-1.0
2022-08-28,19557.8,-1.0
2022-08-29,20308.0,-1.0
2022-08-30,19812.0,-1.0
2022-08-31,20058.0,-1.0
2022-09-01,20134.0,-1.0
2022-09-02,19973.0,-1.0
2022-09-03,19835.0,-1.0
2022-09-04,20002.0,-1.0
2022-09-05,19788.0,-1.0
2022-09-06,18790.0,-1.0
2022-09-07,19279.5,-1.0
2022-09-08,19322.0,-1.0
2022-09-09,21375.0,-0.5
2022-09-10,21648.0,-0.5
2022-09-11,21826.0,-0.5
2022-09-12,22395.0,0.0
2022-09-13,20181.0,-0.5
2022-09-14,20231.0,-1.0
2022-09-15,19717.0,-1.0
2022-09-16,19809.9,-1.0
2022-09-17,20127.0,-1.0
2022-09-18,19424.0,-1.0
2022-09-19,19544.5,-1.0
2022-09-20,18886.6,-1.0
2022-09-21,18476.5,-1.0
2022-09-22,19413.0,-1.0
2022-09-23,19298.8,-1.0
2022-09-24,18935.0,-1.0
2022-09-25,18817.0,-1.0
2022-09-26,19229.5,-1.0
2022-09-27,19096.6,-1.0
2022-09-28,19419.0,-1.0
2022-09-29,19588.0,-1.0
2022-09-30,19430.0,-1.0
2022-10-01,19317.0,-1.0
2022-10-02,19066.0,-1.0
2022-10-03,19638.0,-0.5
2022-10-04,20340.0,-0.5
2022-10-05,20156.0,-0.5
2022-10-06,19957.0,-0.5
2022-10-07,19533.0,-0.5
2022-10-08,19418.0,-1.0
2022-10-09,19444.4,-1.0
2022-10-10,19128.0,-1.0
2022-10-11,19062.0,-1.0
2022-10-12,19158.0,-1.0
2022-10-13,19387.0,-1.0
2022-10-14,19187.0,-1.0
2022-10-15,19072.0,-1.0
2022-10-16,19269.0,-1.0
2022-10-17,19554.0,-0.5
2022-10-18,19334.0,-1.0
2022-10-19,19132.0,-1.0
2022-10-20,19057.0,-1.0
2022-10-21,19175.0,-1.0
2022-10-22,19219.0,-1.0
2022-10-23,19585.0,-0.5
2022-10-24,19340.0,-0.5
2022-10-25,20104.0,0.0
2022-10-26,20788.0,0.0
2022-10-27,20303.0,0.0
2022-10-28,20611.0,0.0
2022-10-29,20833.0,0.0
2022-10-30,20647.0,0.0
2022-10-31,20509.0,0.5
2022-11-01,20500.0,0.5
2022-11-02,20168.0,0.5
2022-11-03,20223.0,0.5
2022-11-04,21168.0,0.5
2022-11-05,21313.0,0.5
2022-11-06,20932.0,0.5
2022-11-07,20610.0,0.5
2022-11-08,18557.0,0.0
2022-11-09,15907.0,-1.0
2022-11-10,17579.0,-1.0
2022-11-11,17045.0,-1.0
2022-11-12,16812.0,-1.0
2022-11-13,16345.0,-1.0
2022-11-14,16627.0,-1.0
2022-11-15,16886.0,-1.0
2022-11-16,16531.0,-1.0
2022-11-17,16705.0,-1.0
2022-11-18,16634.0,-1.0
2022-11-19,16695.0,-1.0
2022-11-20,16281.0,-1.0
2022-11-21,15766.0,-1.0
2022-11-22,16215.0,-1.0
2022-11-23,16619.0,-1.0
2022-11-24,16606.0,-1.0
2022-11-25,16519.0,-1.0
2022-11-26,16459.0,-1.0
2022-11-27,16432.0,-1.0
2022-11-28,16215.0,-1.0
2022-11-29,16452.0,-1.0
2022-11-30,17182.0,-0.5
2022-12-01,16980.0,-0.5
2022-12-02,17091.0,-0.5
2022-12-03,16890.0,-0.5
2022-12-04,17128.0,-0.5
2022-12-05,16974.0,-0.5
2022-12-06,17096.0,-0.5
2022-12-07,16844.0,-0.5
2022-12-08,17246.0,-0.5
2022-12-09,17135.0,-0.5
2022-12-10,17132.0,-0.5
2022-12-11,17109.0,-0.5
2022-12-12,17228.0,-0.5
2022-12-13,17785.0,0.0
2022-12-14,17810.0,0.0
2022-12-15,17372.0,0.0
2022-12-16,16642.0,-1.0
2022-12-17,16793.0,-1.0
2022-12-18,16757.0,-1.0
2022-12-19,16448.0,-1.0
2022-12-20,16925.0,-1.0
2022-12-21,16845.0,-1.0
2022-12-22,16838.0,-1.0
2022-12-23,16802.0,-1.0
2022-12-24,16864.0,-1.0
2022-12-25,16847.0,-1.0
2022-12-26,16946.0,-1.0
2022-12-27,16719.0,-1.0
2022-12-28,16558.0,-1.0
2022-12-29,16658.0,-1.0
2022-12-30,16618.0,-1.0
2022-12-31,16564.0,-1.0
2023-01-01,16643.0,-1.0
2023-01-02,16690.0,-1.0
2023-01-03,16689.0,-1.0
2023-01-04,16868.0,-0.5
2023-01-05,16842.0,-0.5
2023-01-06,16967.0,-0.5
2023-01-07,16958.0,-0.5
2023-01-08,17139.0,0.0
2023-01-09,17188.0,0.0
2023-01-10,17445.0,0.0
2023-01-11,17946.0,0.0
2023-01-12,18857.0,0.0
2023-01-13,19933.0,0.5
2023-01-14,20963.0,0.5
2023-01-15,20882.0,0.5
2023-01-16,21196.0,0.5
2023-01-17,21136.0,0.5
2023-01-18,20678.0,0.5
2023-01-19,21080.0,0.5
2023-01-20,22672.0,0.5
2023-01-21,22766.0,0.5
2023-01-22,22713.0,1.0
2023-01-23,22910.0,1.0
2023-01-24,22627.0,1.0
2023-01-25,23045.0,1.0
2023-01-26,23004.0,1.0
2023-01-27,23067.0,1.0
2023-01-28,23029.0,1.0
2023-01-29,23746.0,1.0
2023-01-30,22837.0,1.0
2023-01-31,23135.0,1.0
2023-02-01,23723.0,1.0
2023-02-02,23485.0,1.0
2023-02-03,23433.0,1.0
2023-02-04,23315.0,1.0
2023-02-05,22936.0,1.0
2023-02-06,22755.0,1.0
2023-02-07,23251.0,1.0
2023-02-08,22959.0,1.0
2023-02-09,21800.0,0.5
2023-02-10,21643.0,0.5
2023-02-11,21866.0,0.5
2023-02-12,21796.0,0.5
2023-02-13,21773.0,0.5
2023-02-14,22198.0,0.5
2023-02-15,24318.0,1.0
2023-02-16,23535.0,1.0
2023-02-17,24579.0,1.0
2023-02-18,24633.0,1.0
2023-02-19,24294.0,1.0
2023-02-20,24831.0,1.0
2023-02-21,24460.0,1.0
2023-02-22,24186.0,1.0
2023-02-23,23947.0,1.0
2023-02-24,23201.0,1.0
2023-02-25,23177.0,0.5
2023-02-26,23560.0,0.5
2023-02-27,23504.0,0.5
2023-02-28,23134.0,0.5
2023-03-01,23646.0,0.5
2023-03-02,23472.0,0.5
2023-03-03,22363.0,0.5
2023-03-04,22346.0,0.0
2023-03-05,22431.0,0.0
2023-03-06,22404.0,0.0
2023-03-07,22209.0,0.0
2023-03-08,21712.0,0.0
2023-03-09,20378.0,0.0
2023-03-10,20201.0,0.0
2023-03-11,20538.0,-0.5
2023-03-12,22079.0,-0.5
2023-03-13,24187.0,0.5
2023-03-14,24744.0,1.0
2023-03-15,24321.0,1.0
2023-03-16,25057.0,1.0
2023-03-17,27350.0,1.0
2023-03-18,26913.0,1.0
2023-03-19,27936.0,1.0
2023-03-20,27712.0,1.0
2023-03-21,28112.0,1.0
2023-03-22,27263.0,1.0
2023-03-23,28304.0,1.0
2023-03-24,27458.0,1.0
2023-03-25,27482.0,1.0
2023-03-26,27986.0,1.0
2023-03-27,27129.0,1.0
2023-03-28,27265.0,1.0
2023-03-29,28344.0,1.0
2023-03-30,28017.0,1.0
2023-03-31,28460.0,1.0
2023-04-01,28443.0,1.0
2023-04-02,28173.0,1.0
2023-04-03,27790.0,1.0
2023-04-04,28153.0,1.0
2023-04-05,28153.0,1.0
2023-04-06,28018.0,1.0
2023-04-07,27889.0,1.0
2023-04-08,27901.0,1.0
2023-04-09,28320.0,1.0
2023-04-10,29614.0,1.0
2023-04-11,30190.0,1.0
2023-04-12,29876.0,1.0
2023-04-13,30389.0,1.0
2023-04-14,30462.0,1.0
2023-04-15,30280.0,1.0
2023-04-16,30285.0,1.0
2023-04-17,29434.0,1.0
2023-04-18,30392.0,1.0
2023-04-19,28826.0,1.0
2023-04-20,28248.0,0.5
2023-04-21,27287.0,0.5
2023-04-22,27826.0,0.5
2023-04-23,27613.0,0.5
2023-04-24,27522.0,0.0
2023-04-25,28324.0,0.0
2023-04-26,28433.0,0.0
2023-04-27,29479.0,1.0
2023-04-28,29338.0,1.0
2023-04-29,29253.0,1.0
2023-04-30,29255.0,1.0
2023-05-01,28106.0,0.5
2023-05-02,28679.0,0.5
2023-05-03,29037.0,1.0
2023-05-04,28844.0,1.0
2023-05-05,29526.0,1.0
2023-05-06,28909.0,1.0
2023-05-07,28464.0,0.5
2023-05-08,27701.0,0.5
2023-05-09,27668.0,0.0
2023-05-10,27622.0,0.0
2023-05-11,27016.0,0.0
2023-05-12,26818.0,0.0
2023-05-13,26790.0,0.0
2023-05-14,26937.0,0.0
2023-05-15,27190.0,0.0
2023-05-16,27054.0,0.0
2023-05-17,27425.0,0.0
2023-05-18,26862.0,-0.5
2023-05-19,26911.0,-0.5
2023-05-20,27126.0,-0.5
2023-05-21,26760.0,-0.5
2023-05-22,26869.0,-0.5
2023-05-23,27243.0,-0.5
2023-05-24,26344.0,-1.0
2023-05-25,26498.0,-1.0
2023-05-26,26737.0,-1.0
2023-05-27,26885.0,-1.0
2023-05-28,28096.0,-0.5
2023-05-29,27772.0,-0.5
2023-05-30,27723.0,-0.5
2023-05-31,27220.0,-0.5
2023-06-01,26833.0,-1.0
2023-06-02,27254.0,-1.0
2023-06-03,27077.0,-1.0
2023-06-04,27126.0,-1.0
2023-06-05,25730.0,-1.0
2023-06-06,27233.0,-1.0
2023-06-07,26365.0,-1.0
2023-06-08,26526.0,-1.0
2023-06-09,26502.0,-1.0
2023-06-10,25870.0,-1.0
2023-06-11,25953.0,-1.0
2023-06-12,25933.0,-1.0
2023-06-13,25941.0,-1.0
2023-06-14,25146.0,-1.0
2023-06-15,25611.0,-1.0
2023-06-16,26357.0,-1.0
2023-06-17,26535.0,-1.0
2023-06-18,26358.0,-0.5
2023-06-19,26866.0,-0.5
2023-06-20,28325.0,0.0
2023-06-21,30013.0,0.0
2023-06-22,29920.0,0.5
2023-06-23,30708.0,0.5
2023-06-24,30556.0,0.5
2023-06-25,30485.0,0.5
2023-06-26,30287.0,0.5
2023-06-27,30711.0,0.5
2023-06-28,30094.0,0.5
2023-06-29,30471.0,0.5
2023-06-30,30500.0,0.5
2023-07-01,30607.0,1.0
2023-07-02,30663.0,1.0
2023-07-03,31176.0,1.0
2023-07-04,30782.0,1.0
2023-07-05,30532.0,1.0
2023-07-06,29942.0,1.0
2023-07-07,30370.0,1.0
2023-07-08,30318.0,1.0
2023-07-09,30188.0,1.0
2023-07-10,30445.0,1.0
2023-07-11,30654.0,1.0
2023-07-12,30428.0,1.0
2023-07-13,31500.0,1.0
2023-07-14,30343.0,1.0
2023-07-15,30310.0,1.0
2023-07-16,30260.0,0.5
2023-07-17,30172.0,0.5
2023-07-18,29888.0,0.5
2023-07-19,29939.0,0.5
2023-07-20,29839.0,0.5
2023-07-21,29942.0,0.5
2023-07-22,29811.0,0.5
2023-07-23,30122.0,0.5
2023-07-24,29224.0,0.0
2023-07-25,29272.0,0.0
2023-07-26,29390.0,-0.5
2023-07-27,29256.0,-0.5
2023-07-28,29365.0,-0.5
2023-07-29,29402.0,-0.5
2023-07-30,29315.0,-0.5
2023-07-31,29273.0,-0.5
2023-08-01,29746.0,-0.5
2023-08-02,29197.0,-0.5
2023-08-03,29206.0,-0.5
2023-08-04,29119.0,-0.5
2023-08-05,29075.0,-0.5
2023-08-06,29095.0,-0.5
2023-08-07,29223.0,-0.5
2023-08-08,29796.0,0.0
2023-08-09,29597.0,0.0
2023-08-10,29458.0,0.0
2023-08-11,29434.0,0.0
2023-08-12,29445.0,0.0
2023-08-13,29314.0,-0.5
2023-08-14,29445.0,-0.5
2023-08-15,29200.0,-0.5
2023-08-16,28730.0,-1.0
2023-08-17,26661.0,-1.0
2023-08-18,26066.0,-1.0
2023-08-19,26115.0,-1.0
2023-08-20,26215.0,-1.0
2023-08-21,26144.0,-1.0
2023-08-22,26057.0,-1.0
2023-08-23,26461.0,-1.0
2023-08-24,26199.0,-1.0
2023-08-25,26079.0,-1.0
2023-08-26,26045.0,-1.0
2023-08-27,26121.0,-1.0
2023-08-28,26147.0,-1.0
2023-08-29,27752.0,-0.5
2023-08-30,27325.0,-0.5
2023-08-31,25967.0,-1.0
2023-09-01,25816.0,-1.0
2023-09-02,25870.0,-1.0
2023-09-03,25980.0,-1.0
2023-09-04,25823.0,-1.0
2023-09-05,25793.0,-1.0
2023-09-06,25783.0,-1.0
2023-09-07,26264.0,-1.0
2023-09-08,25918.0,-1.0
2023-09-09,25910.0,-1.0
2023-09-10,25860.0,-1.0
2023-09-11,25183.0,-1.0
2023-09-12,25851.0,-1.0
2023-09-13,26238.0,-1.0
2023-09-14,26544.0,-0.5
2023-09-15,26625.0,-0.5
2023-09-16,26576.0,-0.5
2023-09-17,26547.0,-0.5
2023-09-18,26788.0,-0.5
2023-09-19,27244.0,0.0
2023-09-20,27149.0,0.0
2023-09-21,26594.0,0.0
2023-09-22,26606.0,0.0
2023-09-23,26609.0,0.0
2023-09-24,26299.0,-1.0
2023-09-25,26330.0,-1.0
2023-09-26,26244.0,-1.0
2023-09-27,26391.0,-1.0
2023-09-28,27046.0,0.0
2023-09-29,26929.0,0.0
2023-09-30,26980.0,0.0
2023-10-01,28008.0,0.0
2023-10-02,27526.0,0.0
2023-10-03,27431.0,0.0
2023-10-04,27805.0,0.0
2023-10-05,27418.0,0.0
2023-10-06,27942.0,0.5
2023-10-07,27967.0,0.5
2023-10-08,27929.0,0.5
2023-10-09,27617.0,0.5
2023-10-10,27414.0,0.5
2023-10-11,26894.0,0.0
2023-10-12,26795.0,0.0
2023-10-13,26875.0,-0.5
2023-10-14,26871.0,-0.5
2023-10-15,27168.0,-0.5
2023-10-16,28524.0,0.5
2023-10-17,28410.0,0.5
2023-10-18,28332.0,0.5
2023-10-19,28745.0,0.5
2023-10-20,29689.0,0.5
2023-10-21,29922.0,0.5
2023-10-22,30023.0,0.5
2023-10-23,33069.0,0.5
2023-10-24,33943.0,0.5
2023-10-25,34504.0,0.5
2023-10-26,34184.0,0.5
2023-10-27,33942.0,1.0
2023-10-28,34104.0,1.0
2023-10-29,34551.0,1.0
2023-10-30,34490.0,1.0
2023-10-31,34669.0,1.0
2023-11-01,35447.0,1.0
2023-11-02,34944.0,1.0
2023-11-03,34751.0,1.0
2023-11-04,35100.0,1.0
2023-11-05,35064.0,1.0
2023-11-06,35053.0,1.0
2023-11-07,35455.0,1.0
2023-11-08,35641.0,1.0
2023-11-09,36699.0,1.0
2023-11-10,37301.0,1.0
2023-11-11,37141.0,1.0
2023-11-12,37042.0,1.0
2023-11-13,36511.0,1.0
2023-11-14,35542.0,1.0
2023-11-15,37865.0,1.0
2023-11-16,36161.0,1.0
2023-11-17,36631.0,1.0
2023-11-18,36581.0,1.0
2023-11-19,37368.0,1.0
2023-11-20,37451.0,1.0
2023-11-21,35794.0,1.0
2023-11-22,37407.0,1.0
2023-11-23,37280.0,1.0
2023-11-24,37704.0,1.0
2023-11-25,37782.0,1.0
2023-11-26,37443.0,1.0
2023-11-27,37263.0,1.0
2023-11-28,37815.0,1.0
2023-11-29,37834.0,1.0
2023-11-30,37723.0,1.0
2023-12-01,38676.0,1.0
2023-12-02,39438.0,1.0
2023-12-03,39940.0,1.0
2023-12-04,41942.0,1.0
2023-12-05,44112.0,1.0
2023-12-06,43814.0,1.0
2023-12-07,43290.0,1.0
2023-12-08,44173.0,1.0
2023-12-09,43749.0,1.0
2023-12-10,43809.0,1.0
2023-12-11,41287.0,1.0
2023-12-12,41501.0,1.0
2023-12-13,42924.0,1.0
2023-12-14,43064.0,1.0
2023-12-15,41961.0,1.0
2023-12-16,42328.0,1.0
2023-12-17,41406.0,1.0
2023-12-18,42672.0,1.0
2023-12-19,42315.0,1.0
2023-12-20,43662.0,1.0
2023-12-21,43890.0,1.0
2023-12-22,44038.0,1.0
2023-12-23,43801.0,1.0
2023-12-24,43026.0,1.0
2023-12-25,43641.0,1.0
2023-12-26,42568.0,1.0
2023-12-27,43476.0,1.0
2023-12-28,42617.0,1.0
2023-12-29,42139.0,0.5
2023-12-30,42199.0,0.5
2023-12-31,42323.0,0.5
2024-01-01,44175.0,1.0
2024-01-02,44991.0,1.0
2024-01-03,42869.0,1.0
2024-01-04,44221.0,1.0
2024-01-05,44189.0,1.0
2024-01-06,44005.0,1.0
2024-01-07,43960.0,1.0
2024-01-08,46941.0,1.0
2024-01-09,46113.0,1.0
2024-01-10,46636.0,1.0
2024-01-11,46377.0,1.0
2024-01-12,42831.0,1.0
2024-01-13,42847.0,0.5
2024-01-14,41737.0,0.5
2024-01-15,42508.0,0.5
2024-01-16,43163.0,0.5
2024-01-17,42778.0,0.0
2024-01-18,41337.0,0.0
2024-01-19,41719.0,0.0
2024-01-20,41778.0,0.0
2024-01-21,41679.0,0.0
2024-01-22,39599.0,0.0
2024-01-23,39938.0,0.0
2024-01-24,40140.0,0.0
2024-01-25,40001.0,0.0
2024-01-26,41821.0,0.0
2024-01-27,42125.0,0.0
2024-01-28,42047.0,0.5
2024-01-29,43301.0,0.5
2024-01-30,42956.0,0.5
2024-01-31,42594.0,0.5
2024-02-01,43088.0,1.0
2024-02-02,43201.0,1.0
2024-02-03,43004.0,1.0
2024-02-04,42583.0,1.0
2024-02-05,42707.0,1.0
2024-02-06,43101.0,1.0
2024-02-07,44328.0,1.0
2024-02-08,45279.0,1.0
2024-02-09,47150.0,1.0
2024-02-10,47800.0,1.0
2024-02-11,48321.0,1.0
2024-02-12,49947.0,1.0
2024-02-13,49777.0,1.0
2024-02-14,51778.0,1.0
2024-02-15,51893.0,1.0
2024-02-16,52130.0,1.0
2024-02-17,51631.0,1.0
2024-02-18,52061.0,1.0
2024-02-19,51732.0,1.0
2024-02-20,52168.0,1.0
2024-02-21,51856.0,1.0
2024-02-22,51287.0,1.0
2024-02-23,50734.0,1.0
2024-02-24,51630.0,1.0
2024-02-25,51716.0,1.0
2024-02-26,54417.0,1.0
2024-02-27,56998.0,1.0
2024-02-28,62380.0,1.0
2024-02-29,61148.0,1.0
2024-03-01,62346.0,1.0
2024-03-02,61962.0,1.0
2024-03-03,63121.0,1.0
2024-03-04,68110.0,1.0
2024-03-05,63818.0,1.0
2024-03-06,66073.0,1.0
2024-03-07,66744.0,1.0
2024-03-08,68018.0,1.0
2024-03-09,68205.0,1.0
2024-03-10,68948.0,1.0
2024-03-11,71937.0,1.0
2024-03-12,71237.0,1.0
2024-03-13,72974.0,1.0
2024-03-14,71364.0,1.0
2024-03-15,69457.0,1.0
2024-03-16,65304.0,1.0
2024-03-17,68456.0,1.0
2024-03-18,67606.0,1.0
2024-03-19,62072.0,0.5
2024-03-20,67912.0,0.5
2024-03-21,65577.0,0.5
2024-03-22,63828.0,0.5
2024-03-23,64069.0,0.5
2024-03-24,67283.0,0.5
2024-03-25,69824.0,1.0
2024-03-26,70011.0,1.0
2024-03-27,69467.0,1.0
2024-03-28,70776.0,1.0
2024-03-29,69862.0,1.0
2024-03-30,69683.0,1.0
2024-03-31,71402.0,1.0
2024-04-01,69691.0,1.0
2024-04-02,65495.0,0.5
2024-04-03,65967.0,0.5
2024-04-04,68518.0,0.5
2024-04-05,67819.0,0.5
2024-04-06,68880.0,1.0
2024-04-07,69343.0,1.0
2024-04-08,71675.0,1.0
2024-04-09,69164.0,1.0
2024-04-10,70688.0,1.0
2024-04-11,70104.0,1.0
2024-04-12,67061.0,0.5
2024-04-13,64039.0,0.5
2024-04-14,65793.0,0.0
2024-04-15,63488.0,0.0
2024-04-16,63874.0,0.0
2024-04-17,61375.0,0.0
2024-04-18,63529.0,0.0
2024-04-19,63867.0,0.0
2024-04-20,65045.0,0.0
2024-04-21,64992.0,0.0
2024-04-22,66894.0,0.5
2024-04-23,66458.0,0.5
2024-04-24,64345.0,0.0
2024-04-25,64555.0,0.0
2024-04-26,63874.0,0.0
2024-04-27,63574.0,0.0
2024-04-28,63226.0,0.0
2024-04-29,63960.0,0.0
2024-04-30,60836.0,0.0
2024-05-01,58457.0,-0.5
2024-05-02,59247.0,-0.5
2024-05-03,62978.0,-0.5
2024-05-04,63983.0,-0.5
2024-05-05,64173.0,0.0
2024-05-06,63280.0,0.0
2024-05-07,62432.0,-0.5
2024-05-08,61343.0,-0.5
2024-05-09,63209.0,-0.5
2024-05-10,60807.0,-0.5
2024-05-11,60929.0,-0.5
2024-05-12,61612.0,-1.0
2024-05-13,62986.0,-1.0
2024-05-14,61668.0,-1.0
2024-05-15,66320.0,-0.5
2024-05-16,65314.0,0.0
2024-05-17,67182.0,0.5
2024-05-18,66995.0,1.0
2024-05-19,66339.0,1.0
2024-05-20,71428.0,1.0
2024-05-21,70148.0,1.0
2024-05-22,69225.0,1.0
2024-05-23,68058.0,1.0
2024-05-24,68604.0,1.0
2024-05-25,69334.0,1.0
2024-05-26,68585.0,1.0
2024-05-27,69492.0,1.0
2024-05-28,68434.0,1.0
2024-05-29,67720.0,1.0
2024-05-30,68413.0,1.0
2024-05-31,67582.0,1.0
2024-06-01,67759.0,1.0
2024-06-02,67816.0,1.0
2024-06-03,68859.0,1.0
2024-06-04,70604.0,1.0
2024-06-05,71101.0,1.0
2024-06-06,70836.0,1.0
2024-06-07,69403.0,1.0
2024-06-08,69338.0,1.0
2024-06-09,69646.0,1.0
2024-06-10,69528.0,1.0
2024-06-11,67331.0,0.5
2024-06-12,68266.0,0.5
2024-06-13,66776.0,0.5
2024-06-14,66038.0,0.0
2024-06-15,66229.0,0.0
2024-06-16,66677.0,0.0
2024-06-17,66570.0,0.0
2024-06-18,65250.0,-0.5
2024-06-19,65071.0,-0.5
2024-06-20,65000.0,-0.5
2024-06-21,64234.0,-1.0
2024-06-22,64370.0,-1.0
2024-06-23,63292.0,-1.0
2024-06-24,60372.0,-1.0
2024-06-25,61878.0,-1.0
2024-06-26,60923.0,-1.0
2024-06-27,61803.0,-1.0
2024-06-28,60546.0,-1.0
2024-06-29,61087.0,-1.0
2024-06-30,62867.0,-1.0
2024-07-01,62965.0,-1.0
2024-07-02,62219.0,-1.0
2024-07-03,60314.0,-1.0
2024-07-04,57118.0,-1.0
2024-07-05,56759.0,-1.0
2024-07-06,58326.0,-1.0
2024-07-07,56050.0,-1.0
2024-07-08,56873.0,-1.0
2024-07-09,58205.0,-1.0
2024-07-10,57931.0,-1.0
2024-07-11,57458.0,-1.0
2024-07-12,58049.0,-1.0
2024-07-13,59382.0,-1.0
2024-07-14,60946.0,-0.5
2024-07-15,64882.0,-0.5
2024-07-16,65188.0,0.0
2024-07-17,64204.0,0.0
2024-07-18,64048.0,0.0
2024-07-19,66789.0,0.0
2024-07-20,67239.0,0.0
2024-07-21,68263.0,0.0
2024-07-22,67714.0,0.5
2024-07-23,66101.0,0.5
2024-07-24,65482.0,0.5
2024-07-25,65849.0,0.5
2024-07-26,68061.0,0.5
2024-07-27,68019.0,0.5
2024-07-28,68419.0,0.5
2024-07-29,66933.0,0.5
2024-07-30,66349.0,0.5
2024-07-31,64724.0,0.0
2024-08-01,65465.0,0.0
2024-08-02,61529.0,0.0
2024-08-03,60825.0,-0.5
2024-08-04,58203.0,-1.0
2024-08-05,54169.0,-1.0
2024-08-06,56187.0,-1.0
2024-08-07,55179.0,-1.0
2024-08-08,61801.0,-1.0
2024-08-09,60970.0,-1.0
2024-08-10,61018.0,-1.0
2024-08-11,58817.0,-1.0
2024-08-12,59440.0,-1.0
2024-08-13,60666.0,-1.0
2024-08-14,58777.0,-1.0
2024-08-15,57594.0,-1.0
2024-08-16,58996.0,-1.0
2024-08-17,59589.0,-1.0
2024-08-18,58543.0,-1.0
2024-08-19,59609.0,-1.0
2024-08-20,59172.0,-1.0
2024-08-21,61252.0,-0.5
2024-08-22,60483.0,-0.5
2024-08-23,64151.0,0.0
2024-08-24,64230.0,0.0
2024-08-25,64361.0,0.0
2024-08-26,62974.0,0.0
2024-08-27,59570.0,0.0
2024-08-28,59145.0,-1.0
2024-08-29,59542.0,-1.0
2024-08-30,59300.0,-1.0
2024-08-31,59155.0,-1.0
2024-09-01,57454.0,-1.0
2024-09-02,59308.0,-1.0
2024-09-03,57680.0,-1.0
2024-09-04,58116.0,-1.0
2024-09-05,56318.0,-1.0
2024-09-06,54133.0,-1.0
2024-09-07,54309.0,-1.0
2024-09-08,55016.0,-1.0
2024-09-09,57110.0,-1.0
2024-09-10,57758.0,-1.0
2024-09-11,57451.0,-1.0
2024-09-12,58287.0,-0.5
2024-09-13,60645.0,-0.5
2024-09-14,60139.0,-0.5
2024-09-15,59296.0,-0.5
2024-09-16,58342.0,-0.5
2024-09-17,60435.0,0.0
2024-09-18,61841.0,0.0
2024-09-19,63032.0,0.0
2024-09-20,63205.0,0.0
2024-09-21,63416.0,0.5
2024-09-22,63663.0,0.5
2024-09-23,63456.0,0.5
2024-09-24,64381.0,0.5
2024-09-25,63264.0,0.5
2024-09-26,65307.0,0.5
2024-09-27,65928.0,0.5
2024-09-28,66015.0,0.5
2024-09-29,65762.0,0.5
2024-09-30,63468.0,0.5
2024-10-01,60981.0,0.0
2024-10-02,60785.0,0.0
2024-10-03,60892.0,0.0
2024-10-04,62191.0,0.0
2024-10-05,62138.0,0.0
2024-10-06,62894.0,0.0
2024-10-07,62269.0,0.0
2024-10-08,62231.0,0.0
2024-10-09,60650.0,0.0
2024-10-10,60337.0,-0.5
2024-10-11,62581.0,-0.5
2024-10-12,63335.0,0.5
2024-10-13,62986.0,0.5
2024-10-14,66179.0,0.5
2024-10-15,67123.0,0.5
2024-10-16,67657.0,0.5
2024-10-17,67453.0,0.5
2024-10-18,68368.0,0.5
2024-10-19,68360.0,0.5
2024-10-20,69045.0,0.5
2024-10-21,67425.0,0.5
2024-10-22,67405.0,0.5
2024-10-23,66695.0,0.5
2024-10-24,68188.0,0.5
2024-10-25,66734.0,0.5
2024-10-26,67081.0,0.5
2024-10-27,68035.0,0.5
2024-10-28,69989.0,0.5
2024-10-29,72688.0,0.5
2024-10-30,72455.0,1.0
2024-10-31,70299.0,1.0
2024-11-01,69590.0,1.0
2024-11-02,69292.0,1.0
2024-11-03,68807.0,1.0
2024-11-04,67858.0,0.5
2024-11-05,69450.0,1.0
2024-11-06,75580.0,1.0
2024-11-07,75864.0,1.0
2024-11-08,76496.0,1.0
2024-11-09,76703.0,1.0
2024-11-10,80367.0,1.0
2024-11-11,88566.0,1.0
2024-11-12,88007.0,1.0
2024-11-13,90453.0,1.0
2024-11-14,87305.0,1.0
2024-11-15,91015.0,1.0
2024-11-16,90538.0,1.0
2024-11-17,89843.0,1.0
2024-11-18,90535.0,1.0
2024-11-19,92172.0,1.0
2024-11-20,94243.0,1.0
2024-11-21,98348.0,1.0
2024-11-22,98683.0,1.0
2024-11-23,97538.0,1.0
2024-11-24,97828.0,1.0
2024-11-25,93133.0,1.0
2024-11-26,92082.0,1.0
2024-11-27,95953.0,1.0
2024-11-28,95761.0,1.0
2024-11-29,97564.0,1.0
2024-11-30,96506.0,1.0
2024-12-01,97365.0,1.0
2024-12-02,95925.0,1.0
2024-12-03,96065.0,1.0
2024-12-04,98709.0,1.0
2024-12-05,96833.0,1.0
2024-12-06,99786.0,1.0
2024-12-07,99936.0,1.0
2024-12-08,101240.0,1.0
2024-12-09,97500.0,1.0
2024-12-10,96650.0,1.0
2024-12-11,101100.0,1.0
2024-12-12,100010.0,1.0
2024-12-13,101370.0,1.0
2024-12-14,101320.0,1.0
2024-12-15,104340.0,1.0
2024-12-16,105870.0,1.0
2024-12-17,105990.0,1.0
2024-12-18,100230.0,1.0
2024-12-19,97515.0,0.5
2024-12-20,97857.0,0.5
2024-12-21,97289.0,0.5
2024-12-22,95201.0,0.5
2024-12-23,94918.0,0.5
2024-12-24,98750.0,0.5
2024-12-25,99420.0,0.5
2024-12-26,95883.0,0.5
2024-12-27,94419.0,0.0
2024-12-28,95533.0,0.0
2024-12-29,93944.0,0.0
2024-12-30,92982.0,0.0
2024-12-31,93780.0,0.0
2025-01-01,94757.0,0.0
2025-01-02,97034.0,0.0
2025-01-03,98179.0,0.5
2025-01-04,98319.0,1.0
2025-01-05,98400.0,1.0
2025-01-06,102290.0,1.0
2025-01-07,97006.0,1.0
2025-01-08,95198.0,0.5
2025-01-09,92692.0,0.0
2025-01-10,94835.0,0.0
2025-01-11,94716.0,0.0
2025-01-12,94574.0,0.0
2025-01-13,94682.0,0.0
2025-01-14,96701.0,0.0
2025-01-15,100490.0,1.0
2025-01-16,100040.0,1.0
2025-01-17,104040.0,1.0
2025-01-18,104490.0,1.0
2025-01-19,101360.0,1.0
2025-01-20,102170.0,1.0
2025-01-21,106150.0,1.0
2025-01-22,103680.0,1.0
2025-01-23,103930.0,1.0
2025-01-24,104800.0,1.0
2025-01-25,104700.0,1.0
2025-01-26,102670.0,1.0
2025-01-27,102300.0,1.0
2025-01-28,101460.0,1.0
2025-01-29,103780.0,1.0
2025-01-30,104740.0,1.0
2025-01-31,102470.0,1.0
2025-02-01,100700.0,0.5
2025-02-02,97600.0,0.5
2025-02-03,101270.0,0.5
2025-02-04,97798.0,0.0
2025-02-05,96614.0,0.0
2025-02-06,96678.0,0.0
2025-02-07,96579.0,0.0
2025-02-08,96582.0,0.0
2025-02-09,96615.0,0.0
2025-02-10,97550.0,0.0
2025-02-11,95950.0,0.0
2025-02-12,98007.0,0.0
2025-02-13,96802.0,0.0
2025-02-14,97489.0,0.0
2025-02-15,97574.0,-0.5
2025-02-16,96264.0,-0.5
2025-02-17,95955.0,-0.5
2025-02-18,95828.0,-0.5
2025-02-19,96801.0,-1.0
2025-02-20,98433.0,-0.5
2025-02-21,96345.0,-1.0
2025-02-22,96721.0,-1.0
2025-02-23,96450.0,-1.0
2025-02-24,91901.0,-1.0
2025-02-25,88923.0,-1.0
2025-02-26,84470.0,-1.0
2025-02-27,85021.0,-1.0
2025-02-28,84672.0,-1.0
2025-03-01,86382.0,-1.0
2025-03-02,94487.0,-1.0
2025-03-03,86475.0,-1.0
2025-03-04,87472.0,-1.0
2025-03-05,90848.0,-1.0
2025-03-06,90120.0,-1.0
2025-03-07,87014.0,-1.0
2025-03-08,86493.0,-1.0
2025-03-09,80893.0,-1.0
2025-03-10,78734.0,-1.0
2025-03-11,83142.0,-1.0
2025-03-12,83856.0,-1.0
2025-03-13,81289.0,-1.0
2025-03-14,84207.0,-1.0
2025-03-15,84536.0,-1.0
2025-03-16,82759.0,-1.0
2025-03-17,84240.0,-1.0
2025-03-18,82942.0,-1.0
2025-03-19,87029.0,-0.5
2025-03-20,84296.0,-1.0
2025-03-21,84144.0,-1.0
2025-03-22,83919.0,-1.0
2025-03-23,86251.0,-0.5
2025-03-24,87614.0,-0.5
2025-03-25,87641.0,-0.5
2025-03-26,87089.0,-0.5
2025-03-27,87317.0,-0.5
2025-03-28,84573.0,-0.5
2025-03-29,82861.0,-1.0
2025-03-30,82553.0,-1.0
2025-03-31,82673.0,-1.0
2025-04-01,85197.0,-1.0
2025-04-02,82493.0,-1.0
2025-04-03,83191.0,-1.0
2025-04-04,83841.0,-1.0
2025-04-05,83598.0,-1.0
2025-04-06,78441.0,-1.0
2025-04-07,79181.0,-1.0
2025-04-08,76332.0,-1.0
2025-04-09,82542.0,-1.0
2025-04-10,79553.0,-1.0
2025-04-11,83372.0,-1.0
2025-04-12,85259.0,-0.5
2025-04-13,83683.0,-0.5
2025-04-14,84544.0,-0.5
2025-04-15,83667.0,-0.5
2025-04-16,84021.0,-0.5
2025-04-17,84827.0,-0.5
2025-04-18,84363.0,0.0
2025-04-19,84934.0,0.0
2025-04-20,85019.0,0.0
2025-04-21,87473.0,0.0
2025-04-22,93303.0,0.0
2025-04-23,93639.0,0.0
2025-04-24,93940.0,0.5
2025-04-25,94702.0,0.5
2025-04-26,94693.0,0.5
2025-04-27,93784.0,0.5
2025-04-28,95046.0,0.5
2025-04-29,94451.0,0.5
2025-04-30,94309.0,0.5
2025-05-01,96467.0,0.5
2025-05-02,96887.0,0.5
2025-05-03,96065.0,0.5
2025-05-04,94704.0,0.5
2025-05-05,94990.0,0.5
2025-05-06,96933.0,0.5
2025-05-07,97119.0,0.5
2025-05-08,103250.0,0.5
2025-05-09,102940.0,0.5
2025-05-10,104680.0,0.5
2025-05-11,104090.0,0.5
2025-05-12,102860.0,0.5
2025-05-13,104160.0,0.5
2025-05-14,103550.0,0.5
2025-05-15,103700.0,1.0
2025-05-16,103450.0,1.0
2025-05-17,103140.0,1.0
2025-05-18,106510.0,1.0
2025-05-19,105500.0,1.0
2025-05-20,106710.0,1.0
2025-05-21,109630.0,1.0
2025-05-22,111640.0,1.0
2025-05-23,107210.0,1.0
2025-05-24,107540.0,1.0
2025-05-25,108890.0,1.0
2025-05-26,109390.0,1.0
2025-05-27,108850.0,1.0
2025-05-28,107760.0,1.0
2025-05-29,105580.0,1.0
2025-05-30,104030.0,0.5
2025-05-31,104660.0,0.5
2025-06-01,105620.0,0.5
2025-06-02,105880.0,0.5
2025-06-03,105400.0,0.5
2025-06-04,104580.0,0.5
2025-06-05,101670.0,0.5
2025-06-06,104450.0,0.5
2025-06-07,105680.0,0.5
2025-06-08,105830.0,1.0
2025-06-09,110300.0,1.0
2025-06-10,110180.0,1.0
2025-06-11,108610.0,1.0
2025-06-12,105780.0,1.0
2025-06-13,106090.0,1.0
2025-06-14,105600.0,0.5
2025-06-15,105740.0,0.5
2025-06-16,106800.0,0.5
2025-06-17,104770.0,0.5
2025-06-18,105040.0,0.5
2025-06-19,104780.0,0.5
2025-06-20,103380.0,0.0
2025-06-21,102200.0,0.0
2025-06-22,101200.0,0.0
2025-06-23,105520.0,0.0
2025-06-24,106040.0,0.5
2025-06-25,107340.0,1.0
2025-06-26,106950.0,1.0
2025-06-27,107100.0,1.0
2025-06-28,107340.0,1.0
2025-06-29,108370.0,1.0
2025-06-30,107250.0,1.0
2025-07-01,105920.0,1.0
2025-07-02,108980.0,1.0
2025-07-03,109760.0,1.0
2025-07-04,108200.0,1.0
2025-07-05,108330.0,1.0
2025-07-06,109380.0,1.0
2025-07-07,108420.0,1.0
2025-07-08,109060.0,1.0
2025-07-09,111380.0,1.0
2025-07-10,115950.0,1.0
2025-07-11,117410.0,1.0
2025-07-12,117280.0,1.0
2025-07-13,118940.0,1.0
2025-07-14,119840.0,1.0
2025-07-15,117830.0,1.0
2025-07-16,118710.0,1.0
2025-07-17,119250.0,1.0
2025-07-18,118000.0,1.0
2025-07-19,117900.0,1.0
2025-07-20,117240.0,1.0
2025-07-21,117460.0,1.0
2025-07-22,119970.0,1.0
2025-07-23,118900.0,1.0
2025-07-24,118380.0,1.0
2025-07-25,117700.0,1.0
2025-07-26,118030.0,1.0
2025-07-27,119590.0,1.0
2025-07-28,118180.0,1.0
2025-07-29,118110.0,1.0
2025-07-30,118050.0,1.0
2025-07-31,115970.0,0.5
2025-08-01,113500.0,0.5
2025-08-02,112810.0,0.5
2025-08-03,114380.0,0.5
2025-08-04,115200.0,0.5
2025-08-05,114200.0,0.0
2025-08-06,115160.0,0.0
2025-08-07,117580.0,1.0
2025-08-08,116790.0,1.0
2025-08-09,116550.0,1.0
2025-08-10,119370.0,1.0
2025-08-11,118850.0,1.0
2025-08-12,120110.0,1.0
2025-08-13,122880.0,1.0
2025-08-14,118410.0,1.0
2025-08-15,117520.0,1.0
2025-08-16,117590.0,1.0
2025-08-17,117540.0,0.5
2025-08-18,116390.0,0.5
2025-08-19,113030.0,0.0
2025-08-20,114500.0,0.0
2025-08-21,112740.0,0.0
2025-08-22,117000.0,0.0
2025-08-23,115570.0,0.0
2025-08-24,113700.0,0.0
2025-08-25,110370.0,0.0
2025-08-26,112000.0,-0.5
2025-08-27,111470.0,-1.0
2025-08-28,112740.0,-1.0
2025-08-29,108530.0,-1.0
2025-08-30,109000.0,-1.0
2025-08-31,108380.0,-1.0
2025-09-01,109410.0,-1.0
2025-09-02,111350.0,-1.0
2025-09-03,111890.0,-1.0
2025-09-04,110880.0,-1.0
2025-09-05,110600.0,-1.0
2025-09-06,110230.0,-1.0
2025-09-07,111220.0,-1.0
2025-09-08,112050.0,-1.0
2025-09-09,111540.0,-0.5
2025-09-10,113900.0,-0.5
2025-09-11,115400.0,-0.5
2025-09-12,116030.0,0.0
2025-09-13,115910.0,0.0
2025-09-14,115590.0,0.0
2025-09-15,115580.0,0.5
2025-09-16,116840.0,0.5
2025-09-17,116500.0,0.5
2025-09-18,117090.0,0.5
2025-09-19,115830.0,0.5
2025-09-20,115840.0,0.5
2025-09-21,115460.0,0.5
2025-09-22,112810.0,0.0
2025-09-23,112250.0,0.0
2025-09-24,113520.0,0.0
2025-09-25,109180.0,-1.0
2025-09-26,109930.0,-1.0
2025-09-27,109940.0,-1.0
2025-09-28,112370.0,-1.0
2025-09-29,114580.0,-1.0
2025-09-30,114020.0,-0.5
2025-10-01,118670.0,0.0
2025-10-02,120570.0,0.5
2025-10-03,122160.0,0.5
2025-10-04,122350.0,0.5
2025-10-05,123480.0,0.5
2025-10-06,124720.0,0.5
2025-10-07,121480.0,0.5
2025-10-08,123410.0,0.5
2025-10-09,121760.0,0.5
2025-10-10,113170.0,0.0
2025-10-11,110980.0,0.0
2025-10-12,115230.0,0.0
2025-10-13,115390.0,-0.5
2025-10-14,113270.0,-0.5
2025-10-15,110920.0,-0.5
2025-10-16,108400.0,-1.0
2025-10-17,106700.0,-1.0
2025-10-18,107410.0,-1.0
2025-10-19,108840.0,-1.0
2025-10-20,110760.0,-1.0
2025-10-21,108610.0,-1.0
2025-10-22,107720.0,-1.0
2025-10-23,110150.0,-1.0
2025-10-24,111110.0,-1.0
2025-10-25,111650.0,-1.0
2025-10-26,114460.0,-0.5
2025-10-27,114150.0,-0.5
2025-10-28,113000.0,-0.5
2025-10-29,110250.0,-1.0
2025-10-30,108500.0,-1.0
2025-10-31,109820.0,-1.0
2025-11-01,110290.0,-1.0
2025-11-02,110720.0,-1.0
2025-11-03,106770.0,-1.0
2025-11-04,101630.0,-1.0
2025-11-05,103940.0,-1.0
2025-11-06,101400.0,-1.0
2025-11-07,103390.0,-1.0
2025-11-08,102480.0,-1.0
2025-11-09,104780.0,-1.0
2025-11-10,106010.0,-1.0
2025-11-11,103190.0,-1.0
2025-11-12,101750.0,-1.0
2025-11-13,99855.0,-1.0
2025-11-14,94750.0,-1.0
2025-11-15,95672.0,-1.0
2025-11-16,94601.0,-1.0
2025-11-17,92553.0,-1.0
2025-11-18,93200.0,-1.0
2025-11-19,91648.0,-1.0
2025-11-20,86773.0,-1.0
2025-11-21,85355.0,-1.0
2025-11-22,84890.0,-1.0
2025-11-23,87028.0,-1.0
2025-11-24,88471.0,-1.0
2025-11-25,87519.0,-1.0
2025-11-26,90585.0,-1.0
2025-11-27,91385.0,-1.0
2025-11-28,91030.0,-1.0
2025-11-29,90934.0,-1.0
2025-11-30,90413.0,-1.0
2025-12-01,86473.0,-1.0
2025-12-02,91381.0,-1.0
2025-12-03,93457.0,-0.5
2025-12-04,92135.0,-0.5
2025-12-05,89390.0,-1.0
2025-12-06,89276.0,-1.0
2025-12-07,90500.0,-1.0
2025-12-08,90668.0,-1.0
2025-12-09,92760.0,-0.5
2025-12-10,92023.0,-0.5
2025-12-11,92514.0,-0.5
2025-12-12,90302.0,-0.5
2025-12-13,90327.0,-1.0
2025-12-14,88181.0,-1.0
2025-12-15,86535.0,-1.0
2025-12-16,87950.0,-1.0
2025-12-17,86409.0,-1.0
2025-12-18,85670.0,-1.0
2025-12-19,88241.0,-1.0
2025-12-20,88463.0,-1.0
2025-12-21,88715.0,-1.0
2025-12-22,88607.0,-1.0
2025-12-23,87514.0,-1.0
2025-12-24,87692.0,-1.0
2025-12-25,87279.0,-1.0
2025-12-26,87465.0,-1.0
2025-12-27,87945.0,-1.0
2025-12-28,87976.0,-1.0
2025-12-29,87241.0,-1.0
2025-12-30,88556.0,-1.0
2025-12-31,87711.0,-1.0
2026-01-01,88876.0,-0.5
2026-01-02,89993.0,-0.5
2026-01-03,90604.0,-0.5
2026-01-04,91468.0,0.0
2026-01-05,93744.0,0.0
2026-01-06,93612.0,0.0
2026-01-07,91349.0,0.0
2026-01-08,91086.0,0.0
2026-01-09,90630.0,0.0
2026-01-10,90519.0,0.0
2026-01-11,90927.0,0.0
2026-01-12,91239.0,0.0
2026-01-13,95281.0,0.0
2026-01-14,96804.0,0.0
2026-01-15,95509.0,0.0
2026-01-16,95510.0,0.0
2026-01-17,95114.0,0.5
2026-01-18,93677.0,0.5
2026-01-19,92607.0,0.5
2026-01-20,88431.0,-0.5
2026-01-21,89490.0,-0.5
2026-01-22,89578.0,-1.0
2026-01-23,89629.0,-1.0
2026-01-24,89200.0,-1.0
2026-01-25,86628.0,-1.0
2026-01-26,88495.0,-1.0
2026-01-27,89253.0,-1.0
2026-01-28,89285.0,-1.0
2026-01-29,84719.0,-1.0
2026-01-30,84230.0,-1.0
2026-01-31,78816.0,-1.0
2026-02-01,77013.0,-1.0
2026-02-02,78848.0,-1.0
2026-02-03,78559.0,-1.0
