price_date,price_value_price,price_value_yield,btc_close
2021-03-04,128.75,3.29,48368.0
2021-03-05,128.75,3.29,48811.0
2021-03-08,128.75,3.29,52395.0
2021-03-09,128.75,3.29,54949.4
2021-03-10,128.75,3.29,55955.2
2021-03-15,116.5,3.93,55644.0
2021-03-16,116.5,3.93,56924.0
2021-03-17,116.5,3.93,58870.0
2021-03-18,116.5,3.93,57640.0
2021-03-19,116.5,3.93,58074.0
2021-03-22,116.5,3.93,54074.0
2021-03-23,116.5,3.93,54331.0
2021-03-24,116.5,3.93,52347.2
2021-03-25,116.5,3.93,51363.0
2021-03-26,116.5,3.93,54992.9
2021-03-29,116.5,3.93,57672.3
2021-03-30,116.5,3.93,58841.0
2021-03-31,116.5,3.93,58796.0
2021-04-01,116.5,3.93,58727.4
2021-04-05,116.5,3.93,59145.0
2021-04-06,116.5,3.93,57991.0
2021-04-07,116.5,3.93,55960.0
2021-04-08,116.5,3.93,58110.0
2021-04-09,116.5,3.93,58114.0
2021-04-12,116.5,3.93,59900.0
2021-04-13,116.5,3.93,63518.0
2021-04-14,116.5,3.93,62942.7
2021-04-15,116.5,3.93,63196.0
2021-04-16,116.5,3.93,61325.0
2021-04-19,116.5,3.93,55639.0
2021-04-20,116.5,3.93,56476.0
2021-04-21,116.5,3.93,53822.0
2021-04-22,116.5,3.93,51781.3
2021-04-23,116.5,3.93,51139.0
2021-04-26,116.5,3.93,54103.0
2021-04-27,116.5,3.93,55044.0
2021-04-28,116.5,3.93,54860.0
2021-04-29,116.5,3.93,53566.0
2021-04-30,116.5,3.93,57637.0
2021-05-03,116.5,3.93,57147.0
2021-05-04,116.5,3.93,53264.0
2021-05-05,116.5,3.93,57477.0
2021-05-06,116.5,3.93,56451.0
2021-05-07,116.5,3.93,57349.0
2021-05-10,116.5,3.93,55851.0
2021-05-11,116.5,3.93,56715.0
2021-05-20,116.5,3.93,40578.0
2021-05-21,116.5,3.93,37415.0
2021-05-24,116.5,3.93,38772.9
2021-05-25,116.5,3.93,38363.0
2021-05-27,116.5,3.93,38435.0
2021-05-28,116.5,3.93,35667.0
2021-05-31,116.5,3.93,37305.0
2021-06-02,116.5,3.93,37590.0
2021-06-03,116.5,3.93,39209.0
2021-06-04,116.5,3.93,36854.0
2021-06-07,116.5,3.93,33596.0
2021-06-08,116.5,3.93,33415.0
2021-06-09,116.5,3.93,37347.0
2021-06-10,116.5,3.93,36649.2
2021-06-11,116.5,3.93,37338.0
2021-06-14,116.5,3.93,40500.0
2021-06-15,116.5,3.93,40139.0
2021-06-16,116.5,3.93,38332.0
2021-06-17,116.5,3.93,38061.0
2021-06-18,116.5,3.93,35802.0
2021-06-21,116.5,3.93,31761.0
2021-06-22,116.5,3.93,32553.0
2021-06-23,116.5,3.93,33703.0
2021-06-24,116.5,3.93,34656.6
2021-06-25,116.5,3.93,31584.0
2021-06-28,116.5,3.93,34484.0
2021-06-29,116.5,3.93,35895.9
2021-06-30,116.5,3.93,35043.5
2021-07-01,116.5,3.93,33554.4
2021-07-02,116.5,3.93,33816.0
2021-07-05,116.5,3.93,33668.0
2021-07-06,116.5,3.93,34140.0
2021-07-07,116.5,3.93,33886.0
2021-07-08,116.5,3.93,32873.9
2021-07-09,116.5,3.93,33769.0
2021-07-12,116.5,3.93,33090.0
2021-07-13,116.5,3.93,32727.0
2021-07-14,116.5,3.93,32822.6
2021-07-15,116.5,3.93,31857.0
2021-07-16,116.5,3.93,31429.0
2021-07-19,116.5,3.93,30847.0
2021-07-21,116.5,3.93,32141.0
2021-07-22,116.5,3.93,32320.0
2021-07-23,116.5,3.93,33597.1
2021-07-26,116.5,3.93,37296.0
2021-07-27,116.5,3.93,39563.0
2021-07-28,116.5,3.93,40004.0
2021-07-29,116.5,3.93,40041.0
2021-07-30,116.5,3.93,42169.0
2021-08-02,116.5,3.93,39156.0
2021-08-03,116.5,3.93,38207.0
2021-08-04,116.5,3.93,39754.0
2021-08-05,116.5,3.93,40887.0
2021-08-06,116.5,3.93,42830.0
2021-08-09,116.5,3.93,46293.0
2021-08-12,116.5,3.93,44423.0
2021-08-13,116.5,3.93,47842.0
2021-08-16,116.5,3.93,45940.0
2021-08-18,116.5,3.93,44744.0
2021-08-19,116.5,3.93,46765.0
2021-08-20,116.5,3.93,49332.0
2021-08-23,116.5,3.93,49539.0
2021-08-24,116.5,3.93,47714.0
2021-08-25,116.5,3.93,48989.0
2021-08-26,116.5,3.93,46832.0
2021-08-27,116.5,3.93,49076.1
2021-08-30,116.5,3.93,47008.0
2021-08-31,116.5,3.93,47157.0
2021-09-01,116.5,3.93,48844.0
2021-09-02,116.5,3.93,49291.0
2021-09-03,116.5,3.93,50000.0
2021-09-06,116.5,3.93,52676.0
2021-09-07,116.5,3.93,46778.0
2021-09-08,116.5,3.93,46088.0
2021-09-09,116.5,3.93,46389.0
2021-09-10,116.5,3.93,44852.0
2021-09-13,116.5,3.93,44960.0
2021-09-14,116.5,3.93,47078.0
2021-09-15,116.5,3.93,48136.0
2021-09-16,116.5,3.93,47786.0
2021-09-17,116.5,3.93,47292.0
2021-09-20,116.5,3.93,43002.0
2021-09-21,116.5,3.93,40664.0
2021-09-22,116.5,3.93,43582.6
2021-09-23,116.5,3.93,44882.0
2021-09-24,116.5,3.93,42878.0
2021-09-27,116.5,3.93,42191.0
2021-09-28,116.5,3.93,41064.0
2021-09-29,116.5,3.93,41551.0
2021-09-30,116.5,3.93,43830.0
2021-10-01,116.5,3.93,48157.0
2021-10-04,116.5,3.93,49252.0
2021-10-05,116.5,3.93,51508.0
2021-10-06,116.5,3.93,55331.0
2021-10-07,116.5,3.93,53793.0
2021-10-08,116.5,3.93,53925.0
2021-10-11,116.5,3.93,57468.0
2021-10-12,116.5,3.93,55967.0
2021-10-13,116.5,3.93,57381.0
2021-10-14,116.5,3.93,57354.0
2021-10-15,116.5,3.93,61709.0
2021-10-18,116.5,3.93,62034.0
2021-10-21,116.5,3.93,62200.0
2021-10-22,116.5,3.93,60708.0
2021-10-25,116.5,3.93,63100.0
2021-10-26,116.5,3.93,60290.0
2021-10-27,120.25,3.7,58453.0
2021-10-28,120.25,3.7,60598.0
2021-10-29,120.25,3.7,62235.0
2021-11-01,120.25,3.7,60927.0
2021-11-02,120.25,3.7,63249.0
2021-11-03,120.25,3.7,62904.0
2021-11-04,120.25,3.7,61422.8
2021-11-05,120.25,3.7,61016.4
2021-11-08,120.25,3.7,67526.0
2021-11-09,120.25,3.7,66935.0
2021-11-10,120.25,3.7,64954.0
2021-11-11,120.25,3.7,64801.0
2021-11-12,120.25,3.7,64156.0
2021-11-15,120.25,3.7,63562.0
2021-11-16,120.25,3.7,60124.0
2021-11-17,120.25,3.7,60386.1
2021-11-18,120.25,3.7,57014.0
2021-11-19,120.25,3.7,58130.0
2021-11-22,120.25,3.7,56299.0
2021-11-23,120.25,3.7,57602.0
2021-11-24,120.25,3.7,57209.0
2021-11-25,120.25,3.7,58995.0
2021-11-26,120.25,3.7,53738.0
2021-11-29,120.25,3.7,57845.0
2021-11-30,120.25,3.7,56938.0
2021-12-01,120.25,3.7,57250.0
2021-12-02,119.75,3.73,56517.0
2021-12-03,119.75,3.73,53709.0
2021-12-06,119.75,3.73,50566.6
2021-12-07,119.75,3.73,50634.0
2021-12-08,119.75,3.73,50503.4
2021-12-09,119.75,3.73,47611.0
2021-12-10,119.75,3.73,47170.0
2021-12-13,119.75,3.73,46777.0
2021-12-14,119.75,3.73,48408.0
2021-12-15,119.75,3.73,48901.0
2021-12-16,119.75,3.73,47675.0
2021-12-17,119.75,3.73,46193.0
2021-12-20,119.75,3.73,46898.0
2021-12-21,119.75,3.73,48923.0
2021-12-22,119.75,3.73,48626.0
2021-12-23,119.75,3.73,50812.0
2021-12-28,119.75,3.73,47554.0
2021-12-29,119.75,3.73,46465.0
2021-12-30,119.75,3.73,47156.0
2021-12-31,119.75,3.73,46218.0
2022-01-03,119.75,3.73,46445.0
2022-01-04,119.75,3.73,45830.0
2022-01-05,121.63,3.63,43418.0
2022-01-06,121.63,3.63,43111.0
2022-01-07,121.63,3.63,41518.0
2022-01-10,121.63,3.63,41839.0
2022-01-11,121.63,3.63,42743.0
2022-01-12,121.63,3.63,43909.0
2022-01-13,121.63,3.63,42562.0
2022-01-14,121.63,3.63,43091.0
2022-01-17,121.63,3.63,42242.0
2022-01-18,121.63,3.63,42390.0
2022-01-19,121.63,3.63,41676.0
2022-01-20,117.0,3.9,40740.0
2022-01-21,117.0,3.9,36501.0
2022-01-24,117.0,3.9,36702.0
2022-01-25,117.0,3.9,36994.0
2022-01-26,117.0,3.9,36830.8
2022-01-27,117.0,3.9,37217.0
2022-01-28,117.0,3.9,37759.8
2022-01-31,117.0,3.9,38526.0
2022-02-02,117.0,3.9,36925.0
2022-02-03,117.0,3.9,37331.0
2022-02-04,115.75,3.99,41562.7
2022-02-07,115.75,3.99,43865.0
2022-02-08,115.75,3.99,44060.5
2022-02-09,113.25,4.11,44432.0
2022-02-10,113.25,4.11,43545.0
2022-02-11,113.25,4.11,42418.0
2022-02-14,114.5,4.06,42559.9
2022-02-15,113.25,4.12,44559.9
2022-02-16,113.0,4.14,43885.0
2022-02-17,113.0,4.14,40556.0
2022-02-18,113.0,4.14,40037.0
2022-02-21,113.0,4.14,37054.0
2022-02-22,113.0,4.14,38299.0
2022-02-23,113.0,4.14,37292.0
2022-02-24,113.0,4.14,38380.0
2022-02-25,113.0,4.14,39243.0
2022-03-01,111.5,4.26,44442.0
2022-03-02,111.5,4.26,43952.0
2022-03-04,111.5,4.26,39171.0
2022-03-07,111.5,4.26,38039.0
2022-03-08,111.5,4.26,38757.0
2022-03-09,111.5,4.26,41962.3
2022-03-10,111.5,4.26,39458.5
2022-03-11,111.5,4.26,38737.0
2022-03-14,111.5,4.26,39717.0
2022-03-15,111.5,4.26,39317.0
2022-03-16,111.5,4.26,41148.0
2022-03-17,111.5,4.26,40942.6
2022-03-18,111.5,4.26,41774.0
2022-03-21,111.5,4.26,41031.0
2022-03-22,111.5,4.26,42370.0
2022-03-23,111.5,4.26,42882.0
2022-03-24,111.5,4.26,44003.0
2022-03-25,111.5,4.26,44337.0
2022-03-28,111.5,4.26,47105.0
2022-03-29,111.5,4.26,47424.0
2022-03-30,111.5,4.26,47035.0
2022-03-31,111.5,4.26,45535.0
2022-04-01,111.5,4.26,46301.0
2022-04-04,111.5,4.26,46611.1
2022-04-05,111.5,4.26,45481.0
2022-04-06,111.5,4.26,43199.0
2022-04-07,111.5,4.26,43458.0
2022-04-08,111.5,4.26,42277.0
2022-04-11,111.5,4.26,39565.0
2022-04-12,111.5,4.26,40087.0
2022-04-13,111.5,4.26,41155.0
2022-04-14,111.5,4.26,39948.0
2022-04-18,111.5,4.26,40821.0
2022-04-19,111.5,4.26,41516.8
2022-04-20,111.5,4.26,41366.4
2022-04-21,111.5,4.26,40502.0
2022-04-22,111.5,4.26,39724.0
2022-04-25,111.5,4.26,40456.0
2022-04-26,111.5,4.26,38139.0
2022-04-27,111.5,4.26,39263.0
2022-04-28,111.5,4.26,39757.8
2022-05-09,111.5,4.26,30158.0
2022-05-10,111.5,4.26,31050.0
2022-05-11,111.5,4.26,29095.0
2022-05-12,111.5,4.26,29089.5
2022-05-13,95.0,5.4,29306.0
2022-05-17,95.0,5.4,30442.0
2022-05-18,95.0,5.4,28680.0
2022-05-19,95.0,5.4,30329.0
2022-05-20,95.0,5.4,29202.0
2022-05-23,95.0,5.4,29091.0
2022-05-24,97.25,5.21,29647.0
2022-05-25,97.25,5.21,29524.0
2022-05-27,97.25,5.21,28609.0
2022-05-30,97.25,5.21,31726.3
2022-05-31,100.75,4.95,31792.0
2022-06-02,100.75,4.95,30478.0
2022-06-03,99.35,5.04,29730.0
2022-06-06,99.35,5.04,31371.0
2022-06-07,99.35,5.04,31149.0
2022-06-08,100.1,4.99,30230.0
2022-06-09,100.1,4.99,30112.2
2022-06-10,97.4,5.17,29103.0
2022-06-13,95.5,5.28,22487.0
2022-06-14,95.5,5.28,22172.0
2022-06-15,95.5,5.28,22594.0
2022-06-16,95.5,5.28,20394.0
2022-06-17,95.5,5.28,20411.0
2022-06-20,95.5,5.28,20554.1
2022-06-21,95.5,5.28,20692.9
2022-06-22,95.35,5.32,19943.0
2022-06-23,95.35,5.31,21071.0
2022-06-24,95.6,5.35,21229.0
2022-06-27,95.6,5.35,20718.0
2022-06-28,95.6,5.35,20267.0
2022-06-29,96.6,5.25,20106.6
2022-06-30,96.1,5.28,19938.0
2022-07-01,94.6,5.39,19286.0
2022-07-04,94.6,5.39,20224.0
2022-07-05,94.6,5.39,20169.0
2022-07-06,94.6,5.39,20557.1
2022-07-07,94.6,5.39,21620.0
2022-07-08,94.75,5.32,21600.0
2022-07-11,94.75,5.32,19945.0
2022-07-12,94.6,5.37,19310.5
2022-07-13,94.6,5.39,20246.0
2022-07-14,94.6,5.43,20578.0
2022-07-15,94.48,5.39,20816.0
2022-07-18,94.1,5.43,22476.0
2022-07-19,94.1,5.43,23398.0
2022-07-20,93.98,5.44,23209.0
2022-07-21,94.85,5.33,23151.8
2022-07-22,95.1,5.31,22675.9
2022-07-25,95.1,5.31,21302.6
2022-07-26,97.1,5.19,21271.0
2022-07-27,97.6,5.16,22951.0
2022-07-28,98.35,5.12,23851.6
2022-07-29,98.95,5.06,23764.0
2022-08-01,100.75,4.92,23259.0
2022-08-02,101.1,4.9,22984.0
2022-08-03,101.6,4.86,22813.9
2022-08-04,101.1,4.93,22611.7
2022-08-05,101.75,4.86,23311.0
2022-08-08,101.0,4.93,23817.0
2022-08-09,101.0,4.93,23141.0
2022-08-10,101.0,4.93,23954.2
2022-08-11,103.0,4.79,23931.5
2022-08-12,103.0,4.79,24395.2
2022-08-15,103.0,4.79,24094.0
2022-08-16,103.0,4.79,23856.0
2022-08-18,100.35,4.93,23196.7
2022-08-19,100.35,4.93,20839.0
2022-08-22,99.5,5.01,21395.0
2022-08-23,99.5,5.01,21527.0
2022-08-24,101.5,4.87,21365.6
2022-08-25,101.5,4.87,21563.1
2022-08-26,101.5,4.87,20257.9
2022-08-29,101.5,4.87,20308.0
2022-08-30,101.5,4.87,19812.0
2022-08-31,101.5,4.87,20058.0
2022-09-01,101.5,4.87,20134.0
2022-09-02,101.5,4.87,19973.0
2022-09-05,96.4,5.25,19788.0
2022-09-06,96.1,5.31,18790.0
2022-09-07,94.5,5.38,19279.5
2022-09-08,95.85,5.21,19322.0
2022-09-09,96.95,5.17,21375.0
2022-09-12,96.45,5.2,22395.0
2022-09-13,96.45,5.2,20181.0
2022-09-14,97.05,5.2,20231.0
2022-09-15,97.0,5.2,19717.0
2022-09-16,96.0,5.21,19809.9
2022-09-19,95.5,5.36,19544.5
2022-09-20,95.0,5.37,18886.6
2022-09-21,95.65,5.31,18476.5
2022-09-22,93.75,5.52,19413.0
2022-09-23,92.0,5.66,19298.8
2022-09-26,91.5,5.7,19229.5
2022-09-27,89.35,5.89,19096.6
2022-09-28,87.0,6.03,19419.0
2022-09-29,87.0,6.03,19588.0
2022-09-30,85.5,6.18,19430.0
2022-10-03,86.38,6.14,19638.0
2022-10-04,88.0,5.98,20340.0
2022-10-05,88.0,5.81,20156.0
2022-10-06,88.5,5.9,19957.0
2022-10-07,88.5,5.9,19533.0
2022-10-10,87.0,6.05,19128.0
2022-10-11,86.0,6.16,19062.0
2022-10-12,85.5,6.19,19158.0
2022-10-13,85.25,6.22,19387.0
2022-10-14,85.25,6.21,19187.0
2022-10-17,85.5,6.22,19554.0
2022-10-18,84.5,6.27,19334.0
2022-10-19,85.0,6.26,19132.0
2022-10-20,84.0,6.31,19057.0
2022-10-21,83.0,6.42,19175.0
2022-10-24,83.0,6.47,19340.0
2022-10-25,83.0,6.45,20104.0
2022-10-26,83.0,6.45,20788.0
2022-10-27,86.75,6.07,20303.0
2022-10-28,87.4,6.02,20611.0
2022-10-31,87.5,6.03,20509.0
2022-11-01,87.6,6.01,20500.0
2022-11-02,87.75,6.01,20168.0
2022-11-03,87.6,6.01,20223.0
2022-11-04,87.6,6.01,21168.0
2022-11-07,87.6,6.01,20610.0
2022-11-08,88.0,6.02,18557.0
2022-11-09,87.75,5.99,15907.0
2022-11-10,87.75,5.99,17579.0
2022-11-11,87.75,5.99,17045.0
2022-11-14,92.0,5.64,16627.0
2022-11-15,91.75,5.66,16886.0
2022-11-16,91.75,5.66,16531.0
2022-11-17,93.75,5.5,16705.0
2022-11-18,92.5,5.6,16634.0
2022-11-21,92.5,5.6,15766.0
2022-11-22,91.75,5.66,16215.0
2022-11-23,93.0,5.58,16619.0
2022-11-24,94.0,5.45,16606.0
2022-11-25,95.0,5.4,16519.0
2022-11-28,95.75,5.34,16215.0
2022-11-29,96.25,5.3,16452.0
2022-11-30,96.75,5.26,17182.0
2022-11-30,96.75,5.26,17182.0
2022-11-30,96.75,5.26,17182.0
2022-11-30,96.75,5.26,17182.0
2022-12-01,96.75,5.26,16980.0
2022-12-02,97.5,5.18,17091.0
2022-12-05,97.5,5.18,16974.0
2022-12-07,97.3,5.22,16844.0
2022-12-08,97.75,5.18,17246.0
2022-12-09,98.5,5.13,17135.0
2022-12-12,98.5,5.13,17228.0
2022-12-13,98.5,5.13,17785.0
2022-12-14,98.45,5.11,17810.0
2022-12-15,98.5,5.13,17372.0
2022-12-16,98.25,5.12,16642.0
2022-12-19,98.25,5.15,16448.0
2022-12-20,98.25,5.15,16925.0
2022-12-21,97.0,5.25,16845.0
2022-12-22,96.6,5.26,16838.0
2022-12-23,97.2,5.23,16802.0
2022-12-26,97.0,5.25,16946.0
2022-12-27,97.0,5.25,16719.0
2022-12-28,96.75,5.27,16558.0
2022-12-29,96.75,5.27,16658.0
2022-12-30,96.65,5.28,16618.0
2023-01-02,96.65,5.28,16690.0
2023-01-03,95.75,5.35,16689.0
2023-01-04,95.25,5.37,16868.0
2023-01-05,95.75,5.35,16842.0
2023-01-06,95.25,5.36,16967.0
2023-01-09,95.75,5.32,17188.0
2023-01-10,96.25,5.3,17445.0
2023-01-11,95.75,5.34,17946.0
2023-01-12,95.75,5.34,18857.0
2023-01-13,95.75,5.34,19933.0
2023-01-16,97.3,5.22,21196.0
2023-01-17,96.75,5.26,21136.0
2023-01-18,97.75,5.18,20678.0
2023-01-19,97.75,5.18,21080.0
2023-01-20,100.0,5.01,22672.0
2023-01-24,99.9,5.02,22627.0
2023-01-25,99.9,5.02,23045.0
2023-01-26,100.5,4.99,23004.0
2023-01-27,100.65,4.98,23067.0
2023-01-30,100.65,4.98,22837.0
2023-01-31,99.5,5.05,23135.0
2023-02-01,99.75,5.03,23723.0
2023-02-02,101.5,4.9,23485.0
2023-02-03,102.45,4.83,23433.0
2023-02-06,101.0,4.94,22755.0
2023-02-07,99.75,5.03,23251.0
2023-02-08,99.5,5.05,22959.0
2023-02-09,99.1,5.07,21800.0
2023-02-10,98.5,5.12,21643.0
2023-02-13,97.0,5.24,21773.0
2023-02-14,97.5,5.22,22198.0
2023-02-15,97.5,5.2,24318.0
2023-02-16,96.0,5.32,23535.0
2023-02-17,96.0,5.32,24579.0
2023-02-20,94.75,5.42,24831.0
2023-02-21,95.15,5.38,24460.0
2023-02-22,94.0,5.48,24186.0
2023-02-23,95.1,5.39,23947.0
2023-02-24,96.65,5.27,23201.0
2023-02-27,96.4,5.29,23504.0
2023-02-28,97.0,5.24,23134.0
2023-03-01,96.75,5.26,23646.0
2023-03-02,96.25,5.3,23472.0
2023-03-03,96.25,5.3,22363.0
2023-03-06,96.25,5.3,22404.0
2023-03-07,96.0,5.32,22209.0
2023-03-08,96.0,5.32,21712.0
2023-03-09,96.25,5.3,20378.0
2023-03-10,96.25,5.3,20201.0
2023-03-13,96.25,5.3,24187.0
2023-03-14,97.5,5.2,24744.0
2023-03-15,97.5,5.19,24321.0
2023-03-16,98.55,5.11,25057.0
2023-03-17,98.5,5.12,27350.0
2023-03-20,97.9,5.17,27712.0
2023-03-21,98.5,5.12,28112.0
2023-03-24,98.65,5.11,27458.0
2023-03-27,98.5,5.12,27129.0
2023-03-28,98.5,5.18,27265.0
2023-03-29,97.4,5.2,28344.0
2023-03-30,97.55,5.2,28017.0
2023-03-31,98.15,5.15,28460.0
2023-04-03,98.5,5.12,27790.0
2023-04-04,99.75,5.03,28153.0
2023-04-05,99.75,5.03,28153.0
2023-04-06,100.5,4.97,28018.0
2023-04-10,100.5,4.97,29614.0
2023-04-11,100.25,4.99,30190.0
2023-04-12,100.4,4.98,29876.0
2023-04-13,100.5,4.97,30389.0
2023-04-14,100.5,4.97,30462.0
2023-04-17,100.0,5.01,29434.0
2023-04-18,99.75,5.03,30392.0
2023-04-27,99.75,5.03,29479.0
2023-04-28,99.5,5.05,29338.0
2023-05-02,99.35,5.06,28679.0
2023-05-03,99.75,5.03,29037.0
2023-05-04,100.75,4.95,28844.0
2023-05-05,100.65,4.96,29526.0
2023-05-08,100.45,4.98,27701.0
2023-05-09,100.0,5.01,27668.0
2023-05-10,99.75,5.03,27622.0
2023-05-11,100.0,5.01,27016.0
2023-05-11,100.0,5.01,27016.0
2023-05-11,100.0,5.01,27016.0
2023-05-11,100.0,5.01,27016.0
2023-05-15,99.75,5.03,27190.0
2023-05-16,99.25,5.07,27054.0
2023-05-17,99.15,5.07,27425.0
2023-05-19,98.15,5.15,26911.0
2023-05-22,98.0,5.16,26869.0
2023-05-23,97.5,5.2,27243.0
2023-05-24,97.65,5.19,26344.0
2023-05-25,97.5,5.2,26498.0
2023-05-26,97.25,5.22,26737.0
2023-05-29,97.25,5.22,27772.0
2023-05-30,98.0,5.16,27723.0
2023-05-31,98.75,5.11,27220.0
2023-06-05,98.25,5.14,25730.0
2023-06-06,98.35,5.14,27233.0
2023-06-07,98.75,5.11,26365.0
2023-06-08,98.25,5.14,26526.0
2023-06-09,98.4,5.13,26502.0
2023-06-12,98.4,5.13,25933.0
2023-06-13,98.2,5.15,25941.0
2023-06-14,98.35,5.14,25146.0
2023-06-15,98.75,5.11,25611.0
2023-06-15,98.75,5.11,25611.0
2023-06-15,98.75,5.11,25611.0
2023-06-15,98.75,5.11,25611.0
2023-06-19,99.5,5.05,26866.0
2023-06-20,99.25,5.07,28325.0
2023-06-21,99.5,5.05,30013.0
2023-06-22,100.0,5.01,29920.0
2023-06-23,99.7,5.03,30708.0
2023-06-26,100.0,5.01,30287.0
2023-06-27,100.0,5.01,30711.0
2023-07-03,99.5,5.05,31176.0
2023-07-04,99.6,5.04,30782.0
2023-07-05,100.0,5.01,30532.0
2023-07-06,99.4,5.06,29942.0
2023-07-07,98.5,5.12,30370.0
2023-07-10,97.5,5.2,30445.0
2023-07-11,97.15,5.23,30654.0
2023-07-12,98.0,5.16,30428.0
2023-07-13,99.0,5.09,31500.0
2023-07-14,99.75,5.03,30343.0
2023-07-17,99.25,5.07,30172.0
2023-07-20,99.75,5.03,29839.0
2023-07-21,99.25,5.07,29942.0
2023-07-24,99.5,5.05,29224.0
2023-07-25,99.4,5.06,29272.0
2023-07-26,99.4,5.06,29390.0
2023-07-27,100.3,4.99,29256.0
2023-07-28,99.5,5.05,29365.0
2023-07-31,99.4,5.06,29273.0
2023-08-01,99.5,5.05,29746.0
2023-08-02,97.75,5.18,29197.0
2023-08-03,96.25,5.3,29206.0
2023-08-04,96.25,5.3,29119.0
2023-08-07,97.0,5.24,29223.0
2023-08-08,97.0,5.24,29796.0
2023-08-08,97.0,5.24,29796.0
2023-08-08,97.0,5.24,29796.0
2023-08-08,97.0,5.24,29796.0
2023-08-10,98.0,5.16,29458.0
2023-08-11,97.0,5.24,29434.0
2023-08-14,96.25,5.3,29445.0
2023-08-15,95.6,5.35,29200.0
2023-08-16,95.0,5.4,28730.0
2023-08-18,94.0,5.48,26066.0
2023-08-21,93.35,5.54,26144.0
2023-08-22,92.75,5.59,26057.0
2023-08-23,94.35,5.46,26461.0
2023-08-24,95.5,5.36,26199.0
2023-08-25,95.4,5.37,26079.0
2023-08-28,95.2,5.39,26147.0
2023-08-29,95.5,5.36,27752.0
2023-08-30,96.75,5.26,27325.0
2023-08-31,96.5,5.28,25967.0
2023-09-01,96.6,5.27,25816.0
2023-09-04,96.4,5.29,25823.0
2023-09-05,95.9,5.33,25793.0
2023-09-06,95.0,5.4,25783.0
2023-09-07,94.75,5.42,26264.0
2023-09-08,96.5,5.36,25918.0
2023-09-11,94.75,5.42,25183.0
2023-09-12,94.0,5.48,25851.0
2023-09-13,93.9,5.49,26238.0
2023-09-14,94.75,5.42,26544.0
2023-09-14,94.75,5.42,26544.0
2023-09-14,94.75,5.42,26544.0
2023-09-14,94.75,5.42,26544.0
2023-09-18,93.5,5.53,26788.0
2023-09-19,93.6,5.52,27244.0
2023-09-20,93.25,5.55,27149.0
2023-09-21,92.5,5.61,26594.0
2023-09-22,91.5,5.7,26606.0
2023-09-25,91.9,5.66,26330.0
2023-09-26,90.75,5.76,26244.0
2023-09-27,90.65,5.77,26391.0
2023-09-29,90.4,5.79,26929.0
2023-10-02,90.25,5.8,27526.0
2023-10-03,89.6,5.82,27431.0
2023-10-03,89.6,5.82,27431.0
2023-10-03,89.6,5.82,27431.0
2023-10-03,89.6,5.82,27431.0
2023-10-04,86.3,6.16,27805.0
2023-10-05,88.5,5.96,27418.0
2023-10-09,87.75,6.03,27617.0
2023-10-10,88.8,5.93,27414.0
2023-10-11,89.25,5.89,26894.0
2023-10-12,89.35,5.88,26795.0
2023-10-13,88.75,5.94,26875.0
2023-10-16,88.5,5.96,28524.0
2023-10-17,88.0,6.01,28410.0
2023-10-18,87.25,6.07,28332.0
2023-10-20,85.85,6.2,29689.0
2023-10-23,84.5,6.33,33069.0
2023-10-23,84.5,6.33,33069.0
2023-10-23,84.5,6.33,33069.0
2023-10-23,84.5,6.33,33069.0
2023-10-25,87.3,6.07,34504.0
2023-10-25,87.3,6.07,34504.0
2023-10-25,87.3,6.07,34504.0
2023-10-25,87.3,6.07,34504.0
2023-10-26,85.25,6.26,34184.0
2023-10-27,86.65,6.13,33942.0
2023-10-27,86.65,6.13,33942.0
2023-10-27,86.65,6.13,33942.0
2023-10-27,86.65,6.13,33942.0
2023-10-31,86.2,6.17,34669.0
2023-10-31,86.2,6.17,34669.0
2023-10-31,86.2,6.17,34669.0
2023-10-31,86.2,6.17,34669.0
2023-10-31,86.2,6.17,34669.0
2023-10-31,86.2,6.17,34669.0
2023-10-31,86.2,6.17,34669.0
2023-10-31,86.2,6.17,34669.0
2023-10-31,86.2,6.17,34669.0
2023-10-31,86.2,6.17,34669.0
2023-10-31,86.2,6.17,34669.0
2023-10-31,86.2,6.17,34669.0
2023-10-31,86.2,6.17,34669.0
2023-10-31,86.2,6.17,34669.0
2023-10-31,86.2,6.17,34669.0
2023-10-31,86.2,6.17,34669.0
2023-11-07,89.75,5.85,35455.0
2023-11-08,90.45,5.79,35641.0
2023-11-09,91.15,5.73,36699.0
2023-11-10,89.8,5.85,37301.0
2023-11-13,89.9,5.84,36511.0
2023-11-14,90.5,5.78,35542.0
2023-11-14,90.5,5.78,35542.0
2023-11-14,90.5,5.78,35542.0
2023-11-14,90.5,5.78,35542.0
2023-11-14,90.5,5.78,35542.0
2023-11-14,90.5,5.78,35542.0
2023-11-14,90.5,5.78,35542.0
2023-11-14,90.5,5.78,35542.0
2023-11-14,90.5,5.78,35542.0
2023-11-14,90.5,5.78,35542.0
2023-11-14,90.5,5.78,35542.0
2023-11-14,90.5,5.78,35542.0
2023-11-14,90.5,5.78,35542.0
2023-11-14,90.5,5.78,35542.0
2023-11-14,90.5,5.78,35542.0
2023-11-14,90.5,5.78,35542.0
2023-11-15,92.25,5.63,37865.0
2023-11-16,91.75,5.68,36161.0
2023-11-16,91.75,5.68,36161.0
2023-11-16,91.75,5.68,36161.0
2023-11-16,91.75,5.68,36161.0
2023-11-20,92.25,5.63,37451.0
2023-11-20,92.25,5.63,37451.0
2023-11-20,92.25,5.63,37451.0
2023-11-20,92.25,5.63,37451.0
2023-11-22,93.25,5.55,37407.0
2023-11-23,93.5,5.53,37280.0
2023-11-24,93.65,5.52,37704.0
2023-11-27,93.25,5.55,37263.0
2023-11-28,94.0,5.49,37815.0
2023-11-29,94.85,5.42,37834.0
2023-11-30,95.5,5.36,37723.0
2023-12-01,95.75,5.34,38676.0
2023-12-04,96.25,5.3,41942.0
2023-12-05,96.25,5.3,44112.0
2023-12-06,97.4,5.21,43814.0
2023-12-07,99.0,5.09,43290.0
2023-12-08,98.5,5.12,44173.0
2023-12-11,98.0,5.16,41287.0
2023-12-12,97.8,5.18,41501.0
2023-12-13,98.4,5.13,42924.0
2023-12-14,101.6,4.89,43064.0
2023-12-15,102.0,4.86,41961.0
2023-12-15,102.0,4.86,41961.0
2023-12-15,102.0,4.86,41961.0
2023-12-15,102.0,4.86,41961.0
2023-12-19,102.5,4.82,42315.0
2023-12-20,102.3,4.84,43662.0
2023-12-21,102.85,4.79,43890.0
2023-12-22,102.75,4.8,44038.0
2023-12-27,103.0,4.78,43476.0
2023-12-28,103.4,4.75,42617.0
2023-12-29,103.75,4.73,42139.0
2024-01-02,103.5,4.75,44991.0
2024-01-03,100.5,4.97,42869.0
2024-01-03,100.5,4.97,42869.0
2024-01-03,100.5,4.97,42869.0
2024-01-03,100.5,4.97,42869.0
2024-01-05,98.55,5.1,44189.0
2024-01-08,96.65,5.25,46941.0
2024-01-09,97.4,5.21,46113.0
2024-01-10,97.5,5.2,46636.0
2024-01-11,98.4,5.13,46377.0
2024-01-12,98.75,5.11,42831.0
2024-01-15,99.15,5.07,42508.0
2024-01-16,99.0,5.09,43163.0
2024-01-17,98.0,5.16,42778.0
2024-01-18,97.25,5.2,41337.0
2024-01-19,96.55,5.26,41719.0
2024-01-22,97.65,5.19,39599.0
2024-01-23,97.5,5.2,39938.0
2024-01-24,96.85,5.26,40140.0
2024-01-25,96.45,5.29,40001.0
2024-01-26,96.7,5.27,41821.0
2024-01-29,96.75,5.26,43301.0
2024-01-30,97.75,5.18,42956.0
2024-01-31,98.0,5.16,42594.0
2024-01-31,98.0,5.16,42594.0
2024-01-31,98.0,5.16,42594.0
2024-01-31,98.0,5.16,42594.0
2024-02-02,99.15,5.07,43201.0
2024-02-05,97.9,5.17,42707.0
2024-02-06,96.95,5.25,43101.0
2024-02-07,97.65,5.19,44328.0
2024-02-12,97.45,5.21,49947.0
2024-02-13,97.4,5.21,49777.0
2024-02-15,97.0,5.24,51893.0
2024-02-16,96.8,5.26,52130.0
2024-02-19,96.65,5.27,51732.0
2024-02-20,96.55,5.28,52168.0
2024-02-21,96.6,5.28,51856.0
2024-02-22,96.55,5.28,51287.0
2024-02-23,96.65,5.27,50734.0
2024-02-26,97.4,5.21,54417.0
2024-02-27,97.15,5.23,56998.0
2024-02-28,96.9,5.25,62380.0
2024-02-29,96.9,5.25,61148.0
2024-03-01,97.4,5.21,62346.0
2024-03-04,97.75,5.18,68110.0
2024-03-05,97.4,5.21,63818.0
2024-03-06,97.75,5.18,66073.0
2024-03-07,98.0,5.16,66744.0
2024-03-08,98.5,5.12,68018.0
2024-03-13,98.35,5.14,72974.0
2024-03-14,98.15,5.15,71364.0
2024-03-15,97.15,5.23,69457.0
2024-03-18,97.25,5.22,67606.0
2024-03-19,97.15,5.23,62072.0
2024-03-20,97.15,5.25,67912.0
2024-03-21,97.4,5.21,65577.0
2024-03-22,98.15,5.15,63828.0
2024-03-25,98.85,5.1,69824.0
2024-03-26,98.75,5.1,70011.0
2024-03-27,98.6,5.12,69467.0
2024-03-28,98.75,5.1,70776.0
2024-04-01,98.85,5.1,69691.0
2024-04-02,98.0,5.16,65495.0
2024-04-02,98.0,5.16,65495.0
2024-04-02,98.0,5.16,65495.0
2024-04-02,98.0,5.16,65495.0
2024-04-04,97.4,5.2,68518.0
2024-04-05,97.5,5.2,67819.0
2024-04-16,93.8,5.51,63874.0
2024-04-17,93.5,5.53,61375.0
2024-04-18,94.35,5.46,63529.0
2024-04-19,94.3,5.47,63867.0
2024-04-22,93.65,5.51,66894.0
2024-04-23,93.9,5.49,66458.0
2024-04-24,94.0,5.48,64345.0
2024-04-25,93.35,5.54,64555.0
2024-04-26,92.85,5.59,63874.0
2024-04-29,92.5,5.61,63960.0
2024-04-30,93.45,5.53,60836.0
2024-05-02,93.35,5.53,59247.0
2024-05-03,93.95,5.49,62978.0
2024-05-03,93.95,5.49,62978.0
2024-05-03,93.95,5.49,62978.0
2024-05-03,93.95,5.49,62978.0
2024-05-07,95.4,5.35,62432.0
2024-05-08,96.1,5.3,61343.0
2024-05-13,95.75,5.34,62986.0
2024-05-14,95.65,5.36,61668.0
2024-05-15,95.8,5.33,66320.0
2024-05-16,97.45,5.21,65314.0
2024-05-17,97.25,5.22,67182.0
2024-05-20,96.95,5.24,71428.0
2024-05-21,96.65,5.26,70148.0
2024-05-22,96.9,5.24,69225.0
2024-05-27,96.25,5.3,69492.0
2024-05-28,96.3,5.29,68434.0
2024-05-29,95.4,5.37,67720.0
2024-05-30,94.65,5.43,68413.0
2024-05-31,95.25,5.38,67582.0
2024-06-03,95.75,5.34,68859.0
2024-06-03,95.75,5.34,68859.0
2024-06-03,95.75,5.34,68859.0
2024-06-03,95.75,5.34,68859.0
2024-06-05,97.25,5.22,71101.0
2024-06-06,97.5,5.2,70836.0
2024-06-07,97.55,0.0,69403.0
2024-06-10,96.65,5.26,69528.0
2024-06-11,96.3,5.3,67331.0
2024-06-12,96.7,0.0,68266.0
2024-06-13,97.45,0.0,66776.0
2024-06-13,97.45,0.0,66776.0
2024-06-13,97.45,0.0,66776.0
2024-06-13,97.45,0.0,66776.0
2024-06-19,97.6,5.2,65071.0
2024-06-20,97.45,5.2,65000.0
2024-06-21,97.25,5.21,64234.0
2024-06-24,97.5,5.2,60372.0
2024-06-25,97.5,5.2,61878.0
2024-06-26,97.25,5.22,60923.0
2024-06-27,96.35,5.29,61803.0
2024-06-28,96.6,5.26,60546.0
2024-07-01,95.9,5.31,62965.0
2024-07-02,94.9,5.39,62219.0
2024-07-02,94.9,5.39,62219.0
2024-07-02,94.9,5.39,62219.0
2024-07-02,94.9,5.39,62219.0
2024-07-04,94.85,5.39,57118.0
2024-07-05,95.4,5.34,56759.0
2024-07-08,96.1,5.29,56873.0
2024-07-09,96.3,5.27,58205.0
2024-07-10,96.2,5.28,57931.0
2024-07-11,96.2,5.28,57458.0
2024-07-12,96.95,5.22,58049.0
2024-07-15,96.7,5.24,64882.0
2024-07-16,96.75,5.23,65188.0
2024-07-17,97.0,5.22,64204.0
2024-07-18,97.0,5.22,64048.0
2024-07-19,96.65,5.24,66789.0
2024-07-22,96.65,5.24,67714.0
2024-07-23,96.7,5.26,66101.0
2024-07-24,96.65,5.27,65482.0
2024-07-25,96.2,5.3,65849.0
2024-07-26,96.25,5.3,68061.0
2024-07-29,96.75,5.26,66933.0
2024-07-30,96.7,5.24,66349.0
2024-07-31,97.1,5.2,64724.0
2024-08-01,97.95,5.14,65465.0
2024-08-02,98.4,5.1,61529.0
2024-08-05,99.3,5.03,54169.0
2024-08-06,99.2,5.04,56187.0
2024-08-07,98.7,5.08,55179.0
2024-08-08,98.45,5.1,61801.0
2024-08-09,98.45,5.1,60970.0
2024-08-12,98.55,5.09,59440.0
2024-08-13,98.85,5.07,60666.0
2024-08-14,99.6,5.01,58777.0
2024-08-15,100.15,4.96,57594.0
2024-08-16,100.0,4.98,58996.0
2024-08-19,100.5,4.94,59609.0
2024-08-20,100.8,4.91,59172.0
2024-08-21,101.45,4.86,61252.0
2024-08-22,101.65,4.85,60483.0
2024-08-23,101.35,4.88,64151.0
2024-08-26,102.15,4.83,62974.0
2024-08-27,102.2,4.82,59570.0
2024-08-28,101.8,4.86,59145.0
2024-08-29,101.5,4.89,59542.0
2024-08-30,101.05,4.92,59300.0
2024-09-02,100.3,4.98,59308.0
2024-09-03,99.9,5.01,57680.0
2024-09-04,100.35,4.97,58116.0
2024-09-05,101.0,4.93,56318.0
2024-09-06,101.45,4.89,54133.0
2024-09-09,101.25,4.91,57110.0
2024-09-10,101.45,4.89,57758.0
2024-09-11,101.85,4.86,57451.0
2024-09-12,101.9,4.86,58287.0
2024-09-13,102.15,4.84,60645.0
2024-09-17,103.15,4.76,60435.0
2024-09-18,103.4,4.74,61841.0
2024-09-19,102.6,4.81,63032.0
2024-09-20,102.85,4.78,63205.0
2024-09-23,102.6,4.8,63456.0
2024-09-24,102.3,4.82,64381.0
2024-09-25,102.25,4.83,63264.0
2024-09-26,101.75,4.87,65307.0
2024-09-27,101.55,4.88,65928.0
2024-09-30,101.85,4.86,63468.0
2024-10-01,101.85,4.86,60981.0
2024-10-02,102.1,4.84,60785.0
2024-10-03,102.05,4.84,60892.0
2024-10-04,101.55,4.88,62191.0
2024-10-07,100.6,4.96,62269.0
2024-10-08,100.0,5.0,62231.0
2024-10-09,100.0,5.0,60650.0
2024-10-10,99.8,5.02,60337.0
2024-10-11,99.5,5.04,62581.0
2024-10-14,99.45,5.04,66179.0
2024-10-15,99.35,5.05,67123.0
2024-10-16,100.0,5.01,67657.0
2024-10-17,100.4,4.97,67453.0
2024-10-18,99.4,5.04,68368.0
2024-10-21,99.1,5.07,67425.0
2024-10-22,97.9,5.16,67405.0
2024-10-23,97.2,5.23,66695.0
2024-10-24,97.05,5.24,68188.0
2024-10-25,97.85,5.18,66734.0
2024-10-28,96.8,5.25,69989.0
2024-10-29,97.2,5.23,72688.0
2024-10-30,97.6,5.19,72455.0
2024-10-31,97.45,5.2,70299.0
2024-11-01,96.95,5.25,69590.0
2024-11-04,96.5,5.28,67858.0
2024-11-05,96.8,5.26,69450.0
2024-11-06,95.6,5.36,75580.0
2024-11-07,96.15,5.31,75864.0
2024-11-08,97.2,5.23,76496.0
2024-11-11,97.5,5.2,88566.0
2024-11-12,97.55,5.2,88007.0
2024-11-13,96.7,5.27,90453.0
2024-11-14,95.85,5.34,87305.0
2024-11-15,96.05,5.34,91015.0
2024-11-18,95.8,5.36,90535.0
2024-11-19,95.45,5.39,92172.0
2024-11-20,95.8,5.36,94243.0
2024-11-21,95.75,5.37,98348.0
2024-11-22,95.75,5.37,98683.0
2024-11-25,95.55,5.37,93133.0
2024-11-26,96.15,5.32,92082.0
2024-11-29,97.25,5.23,97564.0
2024-12-02,97.45,5.22,95925.0
2024-12-03,97.45,5.22,96065.0
2024-12-04,97.3,5.23,98709.0
2024-12-05,97.8,5.19,96833.0
2024-12-06,98.05,5.17,99786.0
2024-12-09,98.15,5.16,97500.0
2024-12-10,98.05,5.17,96650.0
2024-12-11,97.75,5.19,101100.0
2024-12-12,97.15,5.24,100010.0
2024-12-13,96.6,5.29,101370.0
2024-12-16,96.0,5.34,105870.0
2024-12-17,96.05,5.33,105990.0
2024-12-18,96.3,5.31,100230.0
2024-12-19,94.8,5.44,97515.0
2024-12-20,94.0,5.51,97857.0
2024-12-23,93.75,5.53,94918.0
2024-12-24,93.8,5.52,98750.0
2024-12-27,93.6,5.54,94419.0
2024-12-30,93.15,5.58,92982.0
2025-01-02,93.45,5.55,97034.0
2025-01-03,92.85,5.61,98179.0
2025-01-06,92.2,5.66,102290.0
2025-01-07,92.2,5.66,97006.0
2025-01-08,91.65,5.71,95198.0
2025-01-09,92.2,5.66,92692.0
2025-01-10,92.3,5.66,94835.0
2025-01-13,91.6,5.72,94682.0
2025-01-14,91.25,5.75,96701.0
2025-01-15,91.1,5.76,100490.0
2025-01-16,92.5,5.64,100040.0
2025-01-17,92.55,5.63,104040.0
2025-01-21,93.45,5.55,106150.0
2025-01-22,93.4,5.56,103680.0
2025-01-23,93.25,5.57,103930.0
2025-01-24,93.05,5.59,104800.0
2025-01-30,93.85,5.52,104740.0
2025-01-31,93.8,5.52,102470.0
2025-02-03,93.55,5.55,101270.0
2025-02-04,93.4,5.56,97798.0
2025-02-05,94.05,5.5,96614.0
2025-02-06,95.0,5.42,96678.0
2025-02-07,95.0,5.42,96579.0
2025-02-10,94.5,5.46,97550.0
2025-02-11,94.45,5.47,95950.0
2025-02-12,94.0,5.51,98007.0
2025-02-13,93.15,5.58,96802.0
2025-02-14,93.9,5.52,97489.0
2025-02-18,94.4,5.47,95828.0
2025-02-19,93.85,5.52,96801.0
2025-02-20,93.95,5.51,98433.0
2025-02-21,94.2,5.49,96345.0
2025-02-24,94.7,5.45,91901.0
2025-02-25,95.0,5.42,88923.0
2025-02-26,95.25,5.4,84470.0
2025-02-27,95.65,5.37,85021.0
2025-02-28,95.85,5.35,84672.0
2025-03-03,95.85,5.35,86475.0
2025-03-04,96.55,5.29,87472.0
2025-03-05,95.95,5.34,90848.0
2025-03-06,95.3,5.4,90120.0
2025-03-07,95.55,5.38,87014.0
2025-03-10,95.4,5.39,78734.0
2025-03-11,95.45,5.38,83142.0
2025-03-12,94.95,5.43,83856.0
2025-03-13,94.7,5.45,81289.0
2025-03-14,94.4,5.47,84207.0
2025-03-17,94.2,5.49,84240.0
2025-03-18,94.15,5.5,82942.0
2025-03-19,93.7,5.53,87029.0
2025-03-20,94.65,5.45,84296.0
2025-03-21,94.55,5.46,84144.0
2025-03-24,93.3,5.57,87614.0
2025-03-25,92.85,5.61,87641.0
2025-03-26,92.5,5.64,87089.0
2025-03-27,92.3,5.66,87317.0
2025-04-08,90.95,5.78,76332.0
2025-04-08,90.95,5.78,76332.0
2025-04-08,90.95,5.78,76332.0
2025-04-08,90.95,5.78,76332.0
2025-04-09,87.45,6.1,82542.0
2025-04-10,90.1,5.86,79553.0
2025-04-11,88.25,6.03,83372.0
2025-04-14,88.45,6.01,84544.0
2025-04-15,89.95,5.87,83667.0
2025-04-16,89.85,5.88,84021.0
2025-04-17,90.2,5.85,84827.0
2025-04-21,90.1,5.86,87473.0
2025-04-22,89.65,5.9,93303.0
2025-04-23,90.85,5.79,93639.0
2025-04-24,91.25,5.75,93940.0
2025-04-25,92.3,5.66,94702.0
2025-04-28,92.85,5.61,95046.0
2025-04-29,93.1,5.59,94451.0
2025-04-30,93.4,5.56,94309.0
2025-05-02,92.55,5.64,96887.0
2025-05-05,92.15,5.67,94990.0
2025-05-06,91.35,5.74,96933.0
2025-05-07,92.05,5.68,97119.0
2025-05-08,93.15,5.58,103250.0
2025-05-09,92.95,5.6,102940.0
2025-05-14,92.3,5.66,103550.0
2025-05-15,91.9,5.7,103700.0
2025-05-16,93.35,5.57,103450.0
2025-05-19,92.2,5.67,105500.0
2025-05-20,92.5,5.64,106710.0
2025-05-21,92.25,5.66,109630.0
2025-05-22,91.1,5.77,111640.0
2025-05-23,91.65,5.72,107210.0
2025-05-27,92.35,5.66,108850.0
2025-05-28,92.55,5.64,107760.0
2025-06-02,92.9,5.61,105880.0
2025-06-03,92.85,5.61,105400.0
2025-06-04,92.9,5.61,104580.0
2025-06-05,93.6,5.55,101670.0
2025-06-10,93.45,5.56,110180.0
2025-06-11,93.75,5.53,108610.0
2025-06-12,94.2,5.49,105780.0
2025-06-13,94.95,5.43,106090.0
2025-06-16,94.0,5.51,106800.0
2025-06-17,93.7,5.54,104770.0
2025-06-18,93.85,5.53,105040.0
2025-06-20,94.0,5.51,103380.0
2025-06-23,93.95,5.52,105520.0
2025-06-24,94.3,5.49,106040.0
2025-06-25,94.7,5.45,107340.0
2025-06-26,94.85,5.44,106950.0
2025-06-30,94.95,5.43,107250.0
2025-07-01,95.7,5.37,105920.0
2025-07-02,96.15,5.33,108980.0
2025-07-03,96.3,5.32,109760.0
2025-07-07,96.0,5.34,108420.0
2025-07-08,95.4,5.39,109060.0
2025-07-09,94.95,5.43,111380.0
2025-07-10,95.45,5.39,115950.0
2025-07-11,95.2,5.41,117410.0
2025-07-14,94.55,5.47,119840.0
2025-07-15,94.6,5.46,117830.0
2025-07-16,94.4,5.48,118710.0
2025-07-17,94.35,5.48,119250.0
2025-07-18,94.7,5.45,118000.0
2025-07-21,94.7,5.45,117460.0
2025-07-22,95.15,5.41,119970.0
2025-07-23,95.45,5.39,118900.0
2025-07-24,95.15,5.41,118380.0
2025-07-25,95.45,5.39,117700.0
2025-07-28,95.55,5.38,118180.0
2025-07-29,95.45,5.39,118110.0
2025-07-30,96.25,5.32,118050.0
2025-07-31,96.1,5.33,115970.0
2025-08-01,95.85,5.35,113500.0
2025-08-04,96.15,5.33,115200.0
2025-08-05,96.7,5.28,114200.0
2025-08-06,96.55,5.29,115160.0
2025-08-07,96.45,5.3,117580.0
2025-08-08,96.5,5.3,116790.0
2025-08-11,96.6,5.29,118850.0
2025-08-12,96.65,5.29,120110.0
2025-08-13,96.85,5.27,122880.0
2025-08-14,97.65,5.2,118410.0
2025-08-15,97.3,5.23,117520.0
2025-08-19,96.95,5.26,113030.0
2025-08-20,97.1,5.25,114500.0
2025-08-21,96.95,5.26,112740.0
2025-08-22,96.7,5.28,117000.0
2025-08-25,97.2,5.24,110370.0
2025-08-26,97.0,5.26,112000.0
2025-08-27,96.6,5.29,111470.0
2025-08-28,96.55,5.29,112740.0
2025-08-29,96.85,5.27,108530.0
2025-09-02,95.95,5.35,111350.0
2025-09-03,95.35,5.4,111890.0
2025-09-04,96.2,5.32,110880.0
2025-09-08,97.75,5.19,112050.0
2025-09-09,97.3,5.23,111540.0
2025-09-10,97.55,5.21,113900.0
2025-09-11,98.0,5.17,115400.0
2025-09-12,98.95,5.1,116030.0
2025-09-15,98.8,5.11,115580.0
2025-09-16,99.05,5.09,116840.0
2025-09-17,98.8,5.11,116500.0
2025-09-18,98.7,5.12,117090.0
2025-09-19,98.55,5.13,115830.0
2025-09-22,97.9,5.18,112810.0
2025-09-23,97.75,5.19,112250.0
2025-09-24,98.1,5.17,113520.0
2025-09-25,98.05,5.17,109180.0
2025-09-26,97.75,5.19,109930.0
2025-09-29,97.85,5.19,114580.0
2025-09-30,98.1,5.17,114020.0
2025-10-01,98.0,5.17,118670.0
2025-10-02,98.25,5.15,120570.0
2025-10-03,98.4,5.14,122160.0
2025-10-06,98.1,5.17,124720.0
2025-10-07,98.15,5.16,121480.0
2025-10-08,98.15,5.16,123410.0
2025-10-09,98.35,5.14,121760.0
2025-10-10,98.25,5.15,113170.0
2025-10-14,98.6,5.12,113270.0
2025-10-15,98.4,5.14,110920.0
2025-10-16,98.65,5.12,108400.0
2025-10-17,99.1,5.08,106700.0
2025-10-20,99.1,5.08,110760.0
2025-10-21,99.25,5.07,108610.0
2025-10-22,99.75,5.03,107720.0
2025-10-23,100.05,5.01,110150.0
2025-10-24,99.8,5.03,111110.0
2025-10-27,99.75,5.03,114150.0
2025-10-28,100.3,4.99,113000.0
2025-10-29,100.05,5.01,110250.0
2025-10-30,99.6,5.04,108500.0
2025-10-31,99.4,5.06,109820.0
2025-11-03,99.5,5.05,106770.0
2025-11-04,99.2,5.08,101630.0
2025-11-05,99.1,5.08,103940.0
2025-11-06,98.8,5.11,101400.0
2025-11-06,98.8,5.11,101400.0
2025-11-06,98.8,5.11,101400.0
2025-11-06,98.8,5.11,101400.0
2025-11-07,98.95,5.1,103390.0
2025-11-10,98.85,5.1,106010.0
2025-11-12,98.95,5.1,101750.0
2025-11-13,99.0,5.09,99855.0
2025-11-14,98.9,5.1,94750.0
2025-11-17,98.55,5.13,92553.0
2025-11-18,98.35,5.15,93200.0
2025-11-19,98.25,5.15,91648.0
2025-11-20,98.2,5.16,86773.0
2025-11-21,98.3,5.15,85355.0
2025-11-24,98.35,5.15,88471.0
2025-11-25,98.45,5.14,87519.0
2025-11-26,98.55,5.13,90585.0
2025-11-28,98.7,5.12,91030.0
2025-12-01,98.7,5.12,86473.0
2025-12-02,98.1,5.17,91381.0
2025-12-03,98.2,5.16,93457.0
2025-12-04,98.45,5.14,92135.0
2025-12-05,98.45,5.14,89390.0
2025-12-08,98.25,5.15,90668.0
2025-12-09,98.2,5.16,92760.0
2025-12-10,98.1,5.17,92023.0
2025-12-11,98.8,5.11,92514.0
2025-12-12,98.5,5.13,90302.0
2025-12-15,98.35,5.15,86535.0
2025-12-16,98.35,5.15,87950.0
2025-12-17,98.35,5.15,86409.0
2025-12-18,98.45,5.14,85670.0
2025-12-19,98.6,5.12,88241.0
2025-12-22,98.55,5.13,88607.0
2025-12-23,98.6,5.12,87514.0
2025-12-29,98.6,5.12,87241.0
2025-12-30,98.7,5.12,88556.0
2026-01-02,98.25,5.15,89993.0
2026-01-05,98.15,5.16,93744.0
2026-01-06,97.95,5.18,93612.0
2026-01-07,97.9,5.18,91349.0
2026-01-08,97.9,5.18,91086.0
2026-01-09,97.9,5.18,90630.0
2026-01-12,97.7,5.2,91239.0
2026-01-13,97.5,5.22,95281.0
2026-01-14,97.45,5.22,96804.0
2026-01-15,97.65,5.2,95509.0
2026-01-15,97.65,5.2,95509.0
2026-01-15,97.65,5.2,95509.0
2026-01-15,97.65,5.2,95509.0
2026-01-15,97.65,5.2,95509.0
2026-01-15,97.65,5.2,95509.0
2026-01-15,97.65,5.2,95509.0
2026-01-15,97.65,5.2,95509.0
2026-01-15,97.65,5.2,95509.0
2026-01-20,96.9,5.27,88431.0
2026-01-20,96.9,5.27,88431.0
2026-01-20,96.9,5.27,88431.0
2026-01-20,96.9,5.27,88431.0
2026-01-21,96.6,5.29,89490.0
2026-01-21,96.6,5.29,89490.0
2026-01-21,96.6,5.29,89490.0
2026-01-21,96.6,5.29,89490.0
2026-01-21,96.6,5.29,89490.0
2026-01-21,96.6,5.29,89490.0
2026-01-21,96.6,5.29,89490.0
2026-01-21,96.6,5.29,89490.0
2026-01-21,96.6,5.29,89490.0
2026-01-22,97.0,5.26,89578.0
2026-01-23,97.1,5.25,89629.0
2026-01-26,97.1,5.25,88495.0
2026-01-27,97.3,5.23,89253.0
2026-01-28,97.3,5.23,89285.0
2026-01-29,97.25,5.24,84719.0
2026-01-30,96.9,5.27,84230.0
2026-02-02,96.5,5.3,78848.0
2026-02-03,96.25,5.32,78559.0
2026-02-04,96.45,5.31,73137.0
2026-02-05,96.6,5.29,62857.9
2026-02-06,96.55,5.3,70555.7
